timepoint,eeg_feature,geneset,pvalue,es,ranks,nfeatures,q₀,qₜ,qᵧ
3m_future12m,peak_amp_P1_corrected,Propionate degradation,0.0,0.7483731548345642,"[2116, 10958, 72257, 75829, 77161, 78276, 217707]",574278,0.0,0.0,0.0
3m_future12m,peak_amp_N2_corrected,Propionate degradation,0.0,-0.6915567737183316,"[713, 3673, 4483, 6446, 23253, 138632, 277845]",574278,0.0,0.0,0.0
6m_future12m,peak_latency_P1_corrected,Glutamate synthesis,0.0,0.34586488188020303,"[1111, 2886, 3110, 11007, 36926, 38042, 48373, 49422, 90451, 91076, 97583, 113900, 114120, 120188, 137092, 139383, 140571, 141680, 143969, 150940, 187514, 218755, 219454, 226325, 235491, 237352, 238903, 270330, 272555, 287542, 288208, 310410, 338567, 342286, 362746, 365973, 375288, 390363, 395284, 413454, 541146, 542087, 552377, 564419, 568494, 570188, 582312, 582967, 586726, 591868, 592736, 627009, 628263, 635609, 645521, 650985]",687149,0.0,0.0,0.0
6m_future12m,peak_latency_P1_corrected,Acetate synthesis,0.0,0.28527976844010083,"[6061, 7991, 9602, 17915, 34514, 36815, 37692, 37737, 41565, 44156, 46686, 46760, 47199, 52573, 52604, 58406, 58568, 63973, 85384, 88877, 95007, 96174, 99210, 100418, 100453, 102395, 109976, 114117, 122915, 136057, 138385, 156412, 166324, 170536, 194534, 207731, 208668, 223940, 253156, 257323, 261301, 293319, 315714, 322488, 333791, 336105, 337192, 338517, 352743, 358297, 363854, 365848, 366096, 367096, 372752, 374722, 378117, 385763, 414801, 430365, 434723, 461582, 479114, 482485, 508190, 512748, 521172, 527891, 528710, 533073, 543994, 548994, 550400, 550452, 557236, 569878, 586771, 591794, 592094, 592901, 612078, 637846, 638879, 665124, 667035]",687149,0.0,0.0,0.0
6m_future12m,peak_latency_N2_corrected,GABA synthesis,0.0,0.6412917349525451,"[17557, 42524, 43201, 51124, 56995, 57086, 120770, 134158, 160183, 182911, 210223, 232942, 601774]",687451,0.0,0.0,0.0
3m_future12m,peak_amp_N2_corrected,GABA synthesis,0.0002,-0.5373093709015864,"[5579, 30065, 41095, 99570, 103008, 118479, 119448, 123565, 164977, 192448, 203496, 358394, 402795, 510884]",574278,0.006171428571428572,0.0068000000000000005,0.0012000000000000001
6m_future12m,peak_latency_N1,Quinolinic acid synthesis,0.0002,-0.38052906912591766,"[1503, 4596, 38731, 41225, 70775, 75314, 114931, 118276, 121711, 196686, 198612, 198762, 229425, 293933, 299944, 307501, 317247, 330896, 335642, 363944, 375158, 375164, 410407, 534829, 566863, 568406, 677962]",687451,0.006171428571428572,0.0057,0.0024000000000000002
3m_future12m,peak_amp_P1_corrected,Tryptophan synthesis,0.0004,-0.2132422640630668,"[956, 1141, 2459, 2963, 5527, 27120, 27317, 27387, 27957, 28473, 43441, 46844, 47577, 53762, 66484, 76739, 78827, 87936, 88727, 94906, 100854, 127327, 127652, 135883, 136519, 148209, 157706, 161565, 161571, 161595, 175610, 176374, 188179, 205642, 207025, 208147, 234011, 274959, 278902, 280217, 286335, 286942, 295896, 296745, 299516, 305976, 307569, 309948, 326403, 328578, 341961, 342539, 345178, 348903, 358651, 358668, 359354, 366135, 381794, 383941, 392758, 402305, 419191, 439756, 440673, 443694, 444977, 452382, 457473, 461814, 462383, 490014, 490021, 501966, 503640, 513393, 526181, 534995, 535022, 535089, 535093, 541883, 549200, 573597]",574278,0.0108,0.0102,0.0036
3m_future12m,peak_latency_N1,Tryptophan synthesis,0.0006,-0.21277067133606897,"[1740, 2081, 4985, 7028, 7368, 7850, 8796, 9282, 15733, 16078, 17931, 39194, 43531, 65516, 65764, 66414, 67447, 82454, 88887, 106602, 107461, 107526, 107604, 108288, 114169, 115949, 117713, 139131, 144865, 148410, 164063, 173857, 195757, 198814, 200764, 208730, 215011, 233223, 235085, 260477, 264928, 265754, 271021, 277479, 279440, 280152, 284662, 284848, 285163, 289831, 300153, 303300, 304825, 307675, 318100, 320502, 324586, 326935, 329836, 332780, 343996, 350416, 357945, 364244, 370425, 375329, 378548, 392816, 399512, 404821, 405577, 409469, 419848, 421430, 431800, 462517, 466368, 467010, 500168, 509429, 521207, 526062, 526628, 558110]",574278,0.01296,0.012239999999999997,0.0036
6m_future12m,peak_latency_N2_corrected,Propionate degradation,0.0006,0.6286675195153559,"[40000, 42451, 43006, 59512, 209898, 225142, 468965]",687451,0.01296,0.01368,0.0024
6m_future12m,peak_latency_P1_corrected,Quinolinic acid synthesis,0.0012,0.34788759815902015,"[37019, 40671, 57616, 119005, 134504, 148187, 154231, 200626, 211322, 226748, 269915, 275384, 281584, 312618, 315840, 319032, 335026, 363880, 464066, 484237, 484336, 521356, 541622, 552636, 592421, 609585, 638628]",687149,0.023563636363636363,0.022799999999999997,0.0072
6m_future12m,peak_latency_N2_corrected,p-Cresol synthesis,0.0032,-0.4174309207415974,"[17733, 33367, 54743, 115151, 211105, 280525, 318121, 386631, 538408, 558693, 558952, 585187, 644129, 644862, 666456, 666726]",687451,0.053169230769230774,0.0456,0.038400000000000004
6m_future12m,peak_amp_N2_corrected,Butyrate synthesis,0.0032,0.34902127931943416,"[18892, 32078, 42484, 42949, 46777, 116730, 151127, 185245, 188670, 318848, 355978, 423123, 445768, 484108, 548186, 559489, 561983, 562348, 563481, 583875, 585378]",687449,0.053169230769230774,0.0456,0.038400000000000004
3m_future12m,peak_latency_N1,Glutamate synthesis,0.006,-0.2679837072175145,"[416, 923, 1839, 24420, 44452, 140290, 143173, 144468, 147581, 161975, 185106, 187574, 189425, 199725, 217449, 275370, 279936, 280781, 309770, 325983, 339943, 340112, 350345, 357155, 366222, 385620, 405603, 416958, 474993, 477947, 505345, 506597, 523970, 524706, 533890, 565813]",574278,0.06821052631578947,0.07375384615384616,0.036000000000000004
3m_future12m,peak_amp_P1_corrected,GABA synthesis,0.0054,0.41742548474469676,"[43117, 61797, 68181, 123311, 123480, 164710, 166046, 221715, 240059, 337418, 344345, 365022, 437330, 438810]",574278,0.06821052631578947,0.07375384615384616,0.021
6m_future12m,peak_latency_P1_corrected,Quinolinic acid degradation,0.006,0.20319269653082306,"[7278, 8048, 34335, 34433, 46638, 52358, 57552, 58105, 58551, 87378, 91143, 106691, 107173, 128802, 138196, 138329, 145953, 147333, 154232, 175573, 176958, 177104, 179852, 194686, 205357, 206912, 211117, 211589, 212796, 239284, 248628, 253245, 292189, 306356, 315670, 318891, 322528, 352560, 352748, 360458, 364102, 366030, 372759, 374383, 401666, 422402, 429395, 452896, 471264, 501814, 521331, 543425, 548486, 555129, 567395, 577385, 585445, 591741, 634499, 684149]",687149,0.06821052631578947,0.057,0.0516
6m_future12m,peak_latency_N2_corrected,Acetate synthesis,0.0056,-0.17066587181655601,"[15391, 15985, 17723, 19726, 21581, 21603, 29293, 42993, 44895, 44965, 46969, 47808, 59817, 100510, 109971, 111038, 115075, 134945, 140917, 159091, 164888, 177134, 188773, 195127, 202800, 208835, 221387, 245166, 253647, 263591, 269560, 275266, 275406, 275838, 285174, 292232, 292974, 306952, 312051, 312731, 320236, 323280, 324549, 370196, 380744, 388172, 395723, 401538, 401738, 414173, 414887, 416252, 422762, 430548, 430686, 431545, 452538, 459241, 469852, 508009, 530525, 544933, 547268, 548399, 561277, 571005, 574327, 579116, 586679, 593017, 609709, 610964, 617960, 636365, 641046, 643827, 644078, 644754, 653161, 657411, 671888, 673064, 673076, 680430, 681069]",687451,0.06821052631578947,0.057,0.0336
6m_future12m,peak_amp_N1,Tryptophan synthesis,0.0052,-0.1533935439789893,"[683, 2137, 6375, 7505, 9690, 11360, 26159, 28741, 30664, 30742, 31559, 32530, 37008, 37596, 38102, 39295, 39409, 40913, 42913, 45382, 50015, 50878, 59060, 60206, 61034, 61109, 61239, 61433, 71765, 77142, 80055, 85313, 86992, 90428, 98861, 111307, 115395, 134125, 134372, 134502, 135237, 136901, 181931, 181954, 182021, 182289, 182559, 182628, 184500, 184910, 186410, 186681, 186813, 188277, 188445, 189789, 190453, 190536, 193339, 193407, 230002, 250714, 253503, 253807, 255460, 311346, 315388, 325468, 347661, 393209, 394539, 408255, 419066, 428164, 449399, 453146, 457807, 459944, 463480, 472189, 489231, 493988, 507875, 515535, 531593, 533913, 534895, 543671, 548819, 550151, 554363, 554374, 554387, 575845, 579332, 584290, 585758, 586568, 603375, 608404, 612646, 618724, 626100, 643362, 654457, 670763, 672864, 683693]",687448,0.06821052631578947,0.057,0.0156
6m_future12m,peak_amp_P1_corrected,Tryptophan synthesis,0.0052,0.15667045797017304,"[1784, 2017, 4563, 6311, 7253, 14708, 16272, 18404, 22373, 25270, 27703, 32642, 40166, 47821, 50985, 51655, 54454, 54566, 55661, 63003, 63783, 63867, 64500, 65360, 66092, 68255, 70967, 74469, 81176, 82491, 97007, 98536, 99568, 99672, 99850, 100130, 115803, 124214, 129377, 136897, 139209, 142284, 144440, 148187, 165216, 182626, 189559, 196753, 196963, 197245, 197648, 212519, 238082, 238437, 238615, 239622, 242149, 242374, 254945, 256467, 258202, 258436, 260624, 261765, 265404, 339590, 339612, 339691, 339994, 340316, 340415, 344538, 345141, 347268, 347658, 347844, 349966, 350200, 352104, 353060, 353175, 356670, 358978, 359116, 382998, 429709, 464530, 469883, 470625, 475352, 505429, 505871, 505941, 507294, 548598, 590390, 623348, 628341, 637526, 646474, 648403, 650563, 652828, 652969, 657005, 657530, 660925, 672229]",687451,0.06821052631578947,0.057,0.0156
3m_future12m,peak_latency_N1,Propionate degradation,0.007,-0.5520133973581909,"[10646, 229288, 230399, 245625, 263851, 268814, 327576]",574278,0.07150344827586207,0.07375384615384616,0.0192
3m_future12m,peak_latency_P1_corrected,GABA synthesis,0.007,0.411679993870415,"[774, 13719, 15916, 18506, 23824, 33181, 37038, 51594, 96947, 124198, 137810, 296350, 458891, 521167]",574278,0.07150344827586207,0.07375384615384616,0.021
3m_future12m,peak_latency_P1_corrected,Propionate degradation,0.008,0.5499673250334525,"[1778, 10866, 14314, 21726, 26935, 74492, 87283]",574278,0.07150344827586207,0.07375384615384616,0.0192
3m_future12m,peak_amp_P1_corrected,Menaquinone synthesis,0.0094,0.1647865156574757,"[194, 848, 1738, 2525, 2562, 9536, 11818, 13208, 15407, 16865, 23437, 26294, 27467, 35277, 37928, 42222, 42946, 53693, 57274, 57820, 61354, 68720, 71881, 75751, 76979, 82060, 83683, 110046, 119796, 165557, 165711, 166178, 166677, 170160, 171422, 191257, 201675, 205926, 214415, 216865, 219911, 220043, 240049, 244829, 273016, 282861, 292846, 304356, 312755, 323458, 335127, 340353, 345611, 350393, 355951, 357968, 370426, 371242, 371899, 378491, 381429, 387309, 408879, 409524, 422994, 423196, 426243, 426655, 430436, 438107, 439110, 440300, 442442, 453703, 456629, 461254, 477133, 502283, 519868, 543930, 549656, 552606, 557996, 569375]",574278,0.07150344827586207,0.07375384615384616,0.0384
3m_future12m,peak_amp_P1_corrected,Propionate synthesis,0.0078,0.36792309133467394,"[6071, 8981, 9123, 28605, 95296, 119474, 144627, 180943, 207704, 307139, 338805, 341214, 343092, 429815, 469072, 498797, 514461]",574278,0.07150344827586207,0.07375384615384616,0.09359999999999999
3m_future12m,peak_amp_N2_corrected,Menaquinone synthesis,0.0094,-0.16445835379680035,"[321, 846, 2690, 4452, 4642, 4722, 8521, 18828, 20553, 20633, 24858, 27611, 31778, 35282, 54427, 65184, 66190, 72127, 75964, 80228, 84434, 110416, 112506, 120916, 122109, 122205, 123156, 138446, 143620, 147743, 147763, 154182, 172783, 204589, 220974, 222786, 228288, 232547, 236997, 237024, 244716, 246306, 249160, 252568, 267530, 268673, 269136, 270481, 271924, 280970, 292164, 293032, 302500, 302792, 306764, 316440, 371370, 372243, 373339, 378399, 379230, 387060, 391130, 393943, 403660, 415559, 424809, 431159, 435839, 435911, 441676, 466205, 471707, 475841, 480162, 495568, 511552, 519511, 528631, 529038, 543094, 550792, 563726, 568460]",574278,0.07150344827586207,0.07375384615384616,0.0384
6m_future12m,peak_latency_N1,Inositol degradation,0.0076,-0.5458742821233438,"[146101, 229253, 229493, 316904, 318157, 381926, 552813]",687451,0.07150344827586207,0.06664615384615385,0.028200000000000003
6m_future12m,peak_latency_P1_corrected,Inositol degradation,0.0094,0.5503659671924748,"[36948, 37037, 57445, 58126, 409873, 524552, 571514]",687149,0.07150344827586207,0.06839999999999999,0.028200000000000003
6m_future12m,peak_latency_N2_corrected,Quinolinic acid degradation,0.0086,-0.20012028573742355,"[221, 5648, 11651, 15400, 15648, 26886, 27433, 29617, 30126, 31308, 41727, 49646, 54526, 56639, 88907, 97954, 110856, 135648, 141069, 159077, 161524, 163799, 164089, 168776, 177047, 183172, 186053, 187108, 204099, 260363, 268896, 291260, 306434, 306489, 306970, 318536, 347785, 350312, 350754, 360174, 379445, 391805, 428930, 429134, 443750, 478224, 489171, 526451, 583954, 585183, 594134, 596383, 597008, 599196, 621769, 621944, 654475, 657599, 664570, 679887]",687451,0.07150344827586207,0.06839999999999999,0.0516
6m_future12m,peak_amp_P1_corrected,Menaquinone synthesis,0.0096,0.17076367952067834,"[11627, 12692, 15246, 19899, 23051, 37298, 39760, 46363, 60667, 63487, 63629, 69219, 74385, 75898, 81763, 91616, 101659, 106184, 115747, 133596, 147429, 151753, 151853, 154476, 157430, 163779, 167459, 175238, 176775, 176959, 177510, 179529, 179557, 188293, 196349, 196771, 203029, 204243, 212470, 212579, 212957, 236928, 255610, 263282, 264563, 268533, 311957, 322424, 329427, 342436, 343183, 348444, 349882, 366486, 379380, 396982, 397678, 398155, 409038, 410642, 464083, 465670, 472286, 510871, 537488, 538058, 561629, 605106, 609263, 630867, 635942, 649408, 665197, 666596, 675886, 675897]",687451,0.07150344827586207,0.06839999999999999,0.0384
3m_future12m,peak_amp_N1,Glutamate synthesis,0.0112,-0.24528102553743303,"[755, 1504, 2844, 18883, 44243, 57305, 75001, 115134, 129921, 172697, 175329, 178519, 180021, 184075, 192901, 196656, 197960, 203374, 222702, 225852, 230183, 230782, 242566, 287305, 345597, 349294, 456425, 463525, 474847, 476252, 478703, 485028, 485622, 491938, 533308, 565071]",574278,0.08064,0.08159999999999999,0.0448
6m_future12m,peak_latency_N2_corrected,Tryptophan synthesis,0.0124,-0.14369002569798967,"[273, 5980, 8084, 10314, 12487, 13285, 14122, 14844, 16842, 17252, 17463, 19772, 27893, 32344, 34972, 44132, 49410, 55311, 55414, 55554, 55761, 62293, 112228, 114192, 114941, 140255, 141019, 149926, 165027, 165253, 165797, 166217, 172807, 172875, 178307, 187782, 191801, 194341, 199799, 203715, 207048, 217375, 217459, 217496, 217782, 220592, 228576, 229861, 229907, 249343, 259787, 259945, 267291, 268501, 279674, 279739, 281610, 287608, 296308, 302525, 306423, 310681, 315845, 319164, 320057, 326192, 326436, 332975, 336605, 341392, 341673, 344030, 344492, 350059, 350062, 350177, 350186, 371268, 386487, 396089, 396109, 400925, 413928, 414188, 414483, 422820, 432468, 437120, 437188, 443596, 469207, 498883, 514665, 542212, 548382, 561788, 579090, 582201, 603106, 610869, 611015, 625626, 653091, 662358, 667712, 670320, 676050, 679309]",687451,0.08639999999999999,0.08315294117647058,0.029759999999999998
3m_future12m,peak_amp_P1_corrected,Butyrate synthesis,0.0148,0.36242035443690435,"[6205, 26564, 42991, 72303, 132848, 170111, 197248, 290476, 357529, 360240, 372427, 404930, 414390, 435857, 503902]",574278,0.0999,0.10064000000000001,0.0832
6m_future12m,peak_latency_N2_corrected,ClpB,0.0164,-0.3234977959159673,"[391, 18980, 19843, 26013, 47341, 237202, 260517, 275807, 331362, 396163, 489006, 502169, 547034, 579838, 599903, 621694, 644854, 665739, 679371]",687451,0.10734545454545456,0.10386666666666668,0.0736
3m_future12m,peak_latency_N1,Menaquinone synthesis,0.0172,-0.15396700169529556,"[463, 1346, 1566, 3692, 5809, 6762, 8449, 8508, 8739, 9185, 10033, 11041, 21172, 24812, 27416, 28752, 33205, 33794, 35383, 40182, 43458, 59904, 67881, 77751, 83567, 88839, 88986, 89338, 89559, 89775, 100154, 131916, 138800, 174525, 178581, 195851, 197743, 202067, 203979, 215863, 218486, 227998, 237125, 257018, 263479, 292568, 299303, 313041, 321040, 331128, 343572, 348292, 359748, 372746, 391009, 391930, 392167, 395255, 395349, 399409, 399820, 405611, 411680, 426186, 433637, 441057, 441381, 442459, 463296, 465068, 485290, 486963, 487213, 522207, 525364, 531724, 533152, 543952, 547222, 547246, 555390, 561446, 563374, 567436]",574278,0.1074162162162162,0.10965,0.0464
3m_future12m,peak_amp_P1_corrected,ClpB,0.0184,-0.33203676500037843,"[47896, 62194, 94155, 121902, 136777, 208787, 234045, 255872, 279783, 337134, 430946, 453776, 524352, 531911, 557287, 563094, 572542]",574278,0.1074162162162162,0.1104,0.0736
6m_future12m,peak_latency_P1_corrected,ClpB,0.0184,0.31204874278750594,"[3482, 5182, 8899, 25863, 46721, 134518, 176451, 178949, 221130, 306510, 359931, 360505, 363532, 365612, 397100, 536728, 541855, 593023, 653806]",687149,0.1074162162162162,0.10488,0.0736
6m_future12m,peak_amp_N2_corrected,Glutamate degradation,0.0184,0.33846962176677575,"[107364, 140288, 384157, 386972, 404897, 416483, 417583, 417618, 417697, 425526, 428909, 445496, 445610, 509264, 522594, 598332]",687449,0.1074162162162162,0.10488,0.2208
3m_future12m,peak_latency_P1_corrected,Menaquinone synthesis,0.0196,0.1478304495394539,"[828, 1122, 2131, 2445, 7498, 9890, 12037, 12733, 13853, 14166, 14994, 15279, 17231, 17355, 17807, 18692, 19683, 20298, 20442, 22539, 48344, 58574, 61014, 66182, 66388, 69984, 79651, 82394, 84084, 85535, 88608, 102942, 103317, 112556, 115633, 143477, 147752, 157501, 172124, 176060, 185458, 193464, 197302, 203786, 223180, 240172, 250943, 271900, 272280, 273233, 273916, 274519, 278244, 279401, 288148, 309615, 321522, 321677, 326576, 337885, 348763, 358274, 388187, 406755, 410306, 421235, 421786, 421828, 431883, 436084, 449224, 450506, 451321, 458186, 507571, 508054, 516294, 527389, 544583, 545026, 545373, 546544, 554940, 570617]",574278,0.11141052631578947,0.11106666666666667,0.0464
3m_future12m,peak_latency_N1,Butyrate synthesis,0.0208,0.35510732887196284,"[318978, 335617, 339030, 358250, 406698, 407421, 407905, 455029, 458041, 467957, 468758, 472881, 481714, 511832, 518105]",574278,0.1152,0.11166315789473684,0.0832
6m_future12m,peak_latency_N1,Acetate synthesis,0.0232,-0.14481806165086125,"[420, 5331, 14500, 15141, 21877, 21882, 25726, 26088, 29430, 31813, 32914, 37103, 37591, 38848, 52091, 67954, 76431, 78575, 82175, 93749, 102308, 105784, 111087, 127520, 157978, 161264, 164425, 206867, 214908, 228830, 230829, 230894, 248696, 265745, 266227, 268926, 300708, 300900, 301403, 311579, 318322, 318939, 325287, 328579, 364125, 378669, 383162, 390133, 392700, 404117, 409075, 425332, 436443, 439889, 439976, 446658, 449176, 453900, 467101, 469693, 470191, 475279, 484155, 487739, 513927, 514855, 524542, 525054, 533233, 536480, 554134, 560625, 561575, 566347, 566587, 567258, 581029, 594419, 604231, 607112, 637041, 643257, 653147, 660204, 679858]",687451,0.12528,0.1235,0.0928
3m_future12m,peak_amp_N2_corrected,ClpB,0.0258,0.31927622170570735,"[55109, 55975, 101275, 126370, 132453, 141423, 144006, 191674, 263170, 291735, 379279, 452133, 468429, 481604, 500289, 501187, 536804]",574278,0.12763636363636363,0.13158,0.0774
6m_future12m,peak_latency_P1_corrected,p-Cresol synthesis,0.0244,0.3285561165014633,"[8592, 17893, 37657, 40097, 41407, 78199, 92340, 177303, 190765, 363684, 374728, 400687, 523242, 592155, 593037, 622899]",687149,0.12763636363636363,0.1235,0.1032
6m_future12m,peak_amp_P1_corrected,Propionate degradation,0.0256,0.48141230412950003,"[150494, 158915, 160895, 169786, 206173, 497267, 617834]",687451,0.12763636363636363,0.1235,0.04457142857142857
6m_future12m,peak_amp_N2_corrected,Propionate degradation,0.026,-0.4850431018180442,"[176913, 186640, 188975, 199474, 241747, 348942, 590286]",687449,0.12763636363636363,0.1235,0.04457142857142857
3m_future12m,peak_latency_P1_corrected,Quinolinic acid degradation,0.0278,-0.17972501338963498,"[2847, 8425, 9966, 12752, 13131, 44104, 76108, 94772, 115442, 115720, 128087, 128399, 142392, 172370, 172584, 174696, 183592, 185199, 194517, 196592, 199858, 201708, 216472, 218165, 226469, 248636, 254530, 256954, 264666, 270861, 271875, 272191, 274819, 279550, 289530, 313632, 321957, 334716, 344221, 347029, 360949, 362141, 409254, 423343, 430944, 435851, 474076, 480255, 489629, 492955, 500254, 515019, 515084, 515137, 542249]",574278,0.13343999999999998,0.13502857142857141,0.1112
6m_future12m,peak_amp_N2_corrected,Menaquinone synthesis,0.0286,-0.15164238569007993,"[13984, 15274, 18357, 23690, 27279, 43644, 46417, 54090, 71577, 75056, 75218, 82059, 88453, 90277, 97479, 109219, 114828, 116720, 118432, 121180, 126535, 137219, 157439, 173418, 178347, 178462, 181470, 184898, 192396, 196759, 205973, 207834, 208053, 208736, 211190, 211227, 221447, 230563, 231049, 238134, 239534, 249023, 249147, 249574, 278028, 284006, 301350, 306678, 310341, 311803, 316323, 364844, 375538, 382742, 382929, 394448, 397145, 397964, 404413, 406230, 426950, 432566, 443136, 464532, 465349, 465919, 480142, 482056, 547789, 549698, 557920, 608231, 622045, 640398, 641122, 667355]",687449,0.13429565217391307,0.12611250000000002,0.0464
6m_future12m,peak_latency_N1,p-Cresol synthesis,0.0294,-0.3233255689628838,"[14536, 42647, 76554, 230756, 265388, 409831, 444289, 445253, 493161, 512256, 521344, 525560, 538112, 562653, 566637, 567375]",687451,0.13511489361702128,0.12611250000000002,0.1032
3m_future12m,peak_latency_N1,Acetate synthesis,0.0334,-0.15305576155143863,"[947, 1091, 1359, 1985, 5184, 6158, 12022, 26982, 39383, 43565, 55379, 88046, 91743, 107249, 123819, 132188, 145425, 146839, 149698, 179057, 192598, 197342, 199445, 220652, 233210, 240308, 242735, 253326, 277470, 279958, 289466, 301997, 303593, 312284, 321058, 322728, 322842, 323359, 323465, 323749, 333571, 346506, 360811, 377836, 386127, 406389, 407883, 408029, 409511, 409539, 413322, 416293, 418445, 419599, 423296, 427393, 434514, 444452, 445883, 485248, 503366, 504203, 506961, 517260, 523649, 525424, 526139, 531395, 533312, 550441, 552588, 554710, 566468]",574278,0.13612075471698112,0.14195,0.1002
3m_future12m,peak_latency_N2_corrected,Butyrate synthesis,0.0304,-0.3293114827178488,"[16675, 38123, 46721, 68540, 69859, 199066, 210286, 216895, 229641, 245489, 386323, 400051, 427763, 503522, 530896]",574278,0.13612075471698112,0.14094545454545457,0.08496
3m_future12m,peak_amp_N2_corrected,Inositol synthesis,0.0328,-0.4402275932923538,"[72961, 123283, 143513, 154259, 158931, 222492, 278788, 474386]",574278,0.13612075471698112,0.14195,0.39360000000000006
6m_future12m,peak_latency_N1,Menaquinone synthesis,0.0314,0.14746195001962076,"[9264, 11386, 16823, 24708, 26167, 40421, 44023, 47402, 48394, 58593, 64076, 68059, 73700, 99722, 103348, 116895, 120948, 125804, 131098, 131405, 150182, 200297, 208724, 208804, 213644, 215465, 216063, 252426, 252939, 261158, 299314, 322054, 367547, 392786, 395518, 395893, 396242, 420167, 424507, 432740, 441066, 441826, 448108, 459851, 469614, 502195, 508942, 516477, 518993, 531193, 533306, 533883, 533896, 534266, 538479, 538938, 549341, 550745, 551593, 565918, 569688, 580889, 594362, 594517, 607777, 617641, 618476, 618759, 621770, 625390, 630112, 652741, 655989, 664892, 671512, 683628]",687451,0.13612075471698112,0.12611250000000002,0.0464
6m_future12m,peak_amp_N1,Menaquinone synthesis,0.0334,-0.14539120316984566,"[5886, 8305, 35213, 37376, 37475, 41627, 45324, 46409, 56068, 62463, 65354, 71718, 82268, 92476, 92538, 98272, 103834, 105083, 115109, 122623, 133295, 143368, 145415, 146971, 147603, 149560, 177548, 177604, 200872, 210181, 210498, 217746, 250457, 254410, 276532, 284845, 309776, 315171, 321507, 325432, 329231, 334059, 345623, 352802, 352871, 368956, 376580, 386164, 406425, 409190, 437973, 440429, 444011, 469916, 477915, 483632, 500447, 513786, 514237, 529850, 538466, 539346, 558821, 564509, 566312, 584400, 612856, 632154, 652711, 652714, 658333, 662655, 665073, 666957, 674890, 686483]",687448,0.13612075471698112,0.12611250000000002,0.0464
6m_future12m,peak_amp_P1_corrected,Glutamate synthesis,0.0318,0.17252850565229183,"[7898, 8694, 8742, 14422, 14476, 16818, 31339, 31400, 40686, 60858, 69370, 79148, 112317, 113396, 116346, 120149, 121958, 141345, 146801, 162711, 168496, 181816, 181930, 206040, 250308, 252187, 256972, 261543, 267652, 271878, 328297, 330802, 333543, 346782, 358048, 361825, 363612, 364065, 380998, 382576, 443032, 451469, 464069, 475238, 487903, 519198, 520649, 523159, 605828, 607951, 614147, 627521, 633894, 649328, 656332, 664867]",687451,0.13612075471698112,0.12611250000000002,0.09540000000000001
6m_future12m,peak_latency_N2_corrected,Menaquinone synthesis,0.0348,0.14512372584489036,"[5313, 16772, 20115, 21713, 25038, 29325, 39071, 47117, 51756, 55120, 55323, 58163, 58703, 62276, 62316, 62496, 73245, 90065, 98021, 103283, 103417, 110130, 111395, 116493, 124898, 152012, 161724, 164659, 165549, 190448, 201832, 207865, 208222, 220294, 221701, 236238, 253691, 255694, 274595, 275328, 285679, 292569, 309713, 315392, 315956, 316335, 322144, 324037, 325904, 329933, 341235, 350937, 395375, 395715, 396040, 403659, 404774, 405103, 460242, 476316, 482052, 494936, 505264, 545677, 554165, 561820, 568979, 570972, 597095, 611150, 621468, 637062, 643400, 652414, 677890, 687365]",687451,0.13654285714285716,0.12611250000000002,0.0464
6m_future12m,peak_latency_N2_corrected,Butyrate synthesis,0.0354,-0.2741031294614932,"[6494, 34741, 42134, 77737, 236433, 244756, 395716, 442212, 468082, 469501, 470004, 477386, 509974, 515963, 539775, 546151, 620017, 620430, 644255, 653084, 653208]",687451,0.13654285714285716,0.12611250000000002,0.08496
6m_future12m,peak_amp_N2_corrected,p-Cresol synthesis,0.0344,0.309643721642691,"[23096, 23888, 79435, 89582, 118344, 142275, 207021, 211177, 229704, 417459, 423011, 445458, 447290, 452105, 457716, 491067]",687449,0.13654285714285716,0.12611250000000002,0.1032
6m_future12m,peak_latency_N1,Propionate degradation,0.0376,-0.4579001551918618,"[190443, 367604, 404182, 405546, 405928, 465408, 536803]",687451,0.1424842105263158,0.12989090909090908,0.056400000000000006
6m_future12m,peak_latency_N1,GABA synthesis,0.0392,-0.33848523850094897,"[104327, 107956, 108455, 123463, 137695, 237753, 238130, 276617, 406073, 410972, 413831, 534997, 659838]",687451,0.14598620689655173,0.13143529411764707,0.09408
6m_future12m,peak_latency_P1_corrected,Glutamate degradation,0.0406,0.3056558009875817,"[6852, 48373, 57274, 258370, 582312, 582967, 586754, 587010, 587014, 588214, 588800, 592176, 592234, 653870, 669481, 681786]",687149,0.1486372881355932,0.13224,0.24359999999999998
3m_future12m,peak_latency_N1,ClpB,0.0436,-0.2885007094027853,"[7479, 57336, 100712, 107873, 145421, 208115, 233278, 241499, 263844, 281985, 304278, 351458, 369433, 378102, 378516, 511979, 568607]",574278,0.15696000000000002,0.177888,0.10464
6m_future12m,peak_amp_P1_corrected,Isovaleric acid synthesis,0.0446,0.21460641519810866,"[19498, 29312, 34286, 92261, 97454, 98456, 117337, 138679, 152611, 163724, 192577, 199136, 242566, 244243, 256162, 261241, 261630, 266801, 330294, 351767, 361610, 397221, 409098, 474785, 508052, 544447, 580068, 593165, 640584, 657944, 683316]",687451,0.15792786885245902,0.14123333333333332,0.3804
3m_future12m,peak_amp_P1_corrected,Quinolinic acid degradation,0.0474,-0.16441502849779777,"[6152, 17266, 19187, 26665, 27282, 47836, 50303, 74595, 75935, 84404, 90517, 92794, 129506, 136078, 137507, 155863, 212216, 229072, 237345, 245726, 249018, 250938, 264353, 299369, 324512, 326419, 334104, 339484, 341922, 348612, 348620, 351295, 361817, 373113, 397832, 414608, 423191, 424524, 455517, 467855, 476418, 487022, 488661, 499686, 515198, 523773, 530242, 534269, 534894, 538534, 539601, 558414, 563083, 565963, 570685]",574278,0.16513548387096774,0.18595384615384614,0.1422
6m_future12m,peak_amp_N2_corrected,Inositol degradation,0.0482,0.43504906595756443,"[31709, 277385, 324962, 421085, 421414, 599393, 601317]",687449,0.16525714285714285,0.1485081081081081,0.0822
3m_future12m,peak_latency_N2_corrected,ClpB,0.053,-0.2837401153011282,"[13087, 112844, 123577, 126152, 167735, 174914, 183916, 203337, 213763, 229707, 263573, 283947, 356990, 406078, 512480, 547111, 550302]",574278,0.1781169230769231,0.20022222222222222,0.106
6m_future12m,peak_amp_N1,GABA synthesis,0.0536,0.32208908142923715,"[39552, 96416, 99003, 109323, 126394, 198724, 199017, 234589, 440902, 501758, 566962, 630974, 652502]",687448,0.1781169230769231,0.16018461538461537,0.1072
6m_future12m,peak_amp_N1,Inositol degradation,0.0548,0.42960486790866415,"[132936, 428247, 486530, 520350, 584012, 584154, 639631]",687448,0.17934545454545456,0.16018461538461537,0.0822
6m_future12m,peak_amp_N1,S-Adenosylmethionine synthesis,0.0568,-0.21474891065794996,"[8489, 19318, 35311, 37808, 59115, 79361, 103869, 134848, 141260, 170723, 174439, 183141, 193098, 203195, 250754, 251123, 265314, 336496, 382486, 435747, 478300, 510936, 555234, 560404, 575585, 586511, 600656, 606783, 639951, 679846]",687448,0.18311641791044778,0.16188000000000002,0.4668
3m_future12m,peak_latency_P1_corrected,Tryptophan synthesis,0.0596,-0.12655764925642354,"[2707, 3244, 10461, 14358, 15047, 16003, 17439, 17901, 18886, 20803, 24460, 33385, 33692, 34628, 39420, 73766, 99944, 100501, 108023, 112802, 114540, 120256, 128120, 133185, 139504, 139884, 141728, 149835, 172850, 172950, 175054, 179120, 179129, 179153, 179432, 183918, 195451, 196597, 196930, 200157, 200317, 202103, 202783, 213367, 218191, 218651, 223372, 224880, 244679, 245079, 247525, 272040, 272448, 272845, 273636, 274836, 276294, 281151, 303121, 305587, 313249, 323885, 333837, 336071, 336231, 336410, 338144, 350917, 362831, 369099, 376830, 423608, 436715, 452296, 460228, 471791, 479449, 487770, 493921, 499151, 517057, 540399, 543627, 546884]",574278,0.18657391304347826,0.20944000000000002,0.10026666666666667
3m_future12m,peak_latency_N2_corrected,Quinolinic acid synthesis,0.0588,-0.26070668584503837,"[2371, 17288, 23720, 50706, 63066, 77041, 103719, 144280, 146031, 152775, 155064, 369638, 370297, 399933, 413714, 428611, 434986, 435752, 532444, 546619]",574278,0.18657391304347826,0.20944000000000002,0.23399999999999999
3m_future12m,peak_amp_N1,p-Cresol synthesis,0.0616,-0.3354076508915634,"[52922, 201023, 221203, 249788, 274153, 321409, 335698, 437719, 465164, 508451, 517369]",574278,0.19008000000000003,0.20944000000000002,0.14784
6m_future12m,peak_latency_N1,Tryptophan synthesis,0.0628,-0.1124405190766527,"[5362, 12211, 13831, 16427, 19467, 22063, 26400, 30723, 31169, 32567, 34690, 36369, 41580, 42022, 47450, 51949, 62863, 73733, 78993, 82056, 87984, 93835, 111369, 112829, 117610, 121199, 121317, 121485, 147416, 147682, 147804, 148018, 148592, 160070, 161310, 162687, 213526, 220508, 220669, 222687, 222773, 225213, 226912, 228165, 242451, 272742, 294201, 298765, 300998, 301050, 317565, 317770, 318215, 318261, 319477, 331399, 331854, 363850, 369120, 377615, 386943, 387572, 387806, 389651, 395678, 396320, 396366, 401971, 406800, 409331, 413363, 415922, 421157, 424184, 436404, 436416, 436632, 436775, 436811, 467002, 481775, 484353, 490897, 504597, 510601, 510829, 520670, 525301, 546977, 549192, 550482, 561702, 581708, 605708, 608075, 610689, 610760, 610998, 613567, 629914, 629935, 650260, 651234, 654935, 659923, 663188, 663270, 684305]",687451,0.19105352112676055,0.17461463414634143,0.10026666666666667
3m_future12m,peak_amp_N1,Menaquinone synthesis,0.0658,-0.12497592899164495,"[826, 1117, 2123, 2434, 7473, 9850, 11979, 12672, 13784, 14097, 14922, 15208, 17155, 17276, 17724, 18605, 19589, 20203, 20348, 22442, 28715, 48172, 58398, 60837, 65994, 66197, 69790, 79433, 82173, 83866, 85322, 88396, 102713, 103087, 112333, 115419, 143268, 147545, 157302, 171952, 175884, 185312, 193315, 197140, 203551, 222957, 239936, 250692, 271712, 272090, 273042, 273724, 274325, 278047, 279207, 287958, 309430, 321332, 321489, 326386, 337668, 348558, 358061, 387994, 406584, 410131, 421079, 421632, 421674, 431699, 435897, 449067, 450331, 451144, 457934, 507824, 508302, 516540, 527609, 544796, 545241, 545589, 546765, 555148]",574278,0.19498378378378378,0.21650322580645162,0.07895999999999999
6m_future12m,peak_latency_P1_corrected,Butyrate synthesis,0.066,0.24621530278409348,"[7983, 37704, 55733, 82283, 161983, 162050, 175746, 180558, 182147, 202643, 207947, 302588, 358050, 367874, 392708, 424164, 507637, 592306, 630203, 630225, 675660]",687149,0.19498378378378378,0.17709767441860463,0.132
6m_future12m,peak_amp_P1_corrected,Propionate synthesis,0.0668,0.2565542176496997,"[40991, 43274, 45849, 162017, 163686, 202790, 244448, 312116, 321843, 326750, 341383, 346830, 348216, 349361, 382708, 475036, 524073, 552605, 605674]",687451,0.19498378378378378,0.17709767441860463,0.2574
3m_future12m,peak_amp_N1,Inositol synthesis,0.0684,-0.3872673132846919,"[1388, 72823, 145520, 196118, 281204, 370449, 393700, 451226]",574278,0.196992,0.218025,0.4104
3m_future12m,peak_amp_N2_corrected,Propionate synthesis,0.071,-0.267489050121399,"[10246, 19411, 19706, 57322, 94534, 136667, 147795, 165694, 209430, 212934, 217402, 299864, 354625, 474966, 509329, 526741, 572941]",574278,0.19716923076923076,0.21945454545454543,0.2574
6m_future12m,peak_latency_N1,Glutamate synthesis,0.0712,-0.15101836332406082,"[5730, 10724, 10771, 11125, 12009, 28839, 72261, 74068, 89331, 105891, 112399, 126943, 148332, 156371, 157520, 160407, 163236, 208180, 209416, 226257, 229172, 231490, 280574, 327715, 329004, 331126, 366445, 378773, 378785, 380049, 382974, 390584, 399115, 410233, 425689, 437791, 456940, 493217, 493390, 509335, 515435, 516685, 521919, 527376, 535587, 554054, 558987, 563011, 566404, 567121, 586787, 606345, 608460, 625865, 638952, 668483]",687451,0.19716923076923076,0.18037333333333333,0.17088
6m_future12m,peak_amp_P1_corrected,GABA synthesis,0.0696,0.3049260722141767,"[66453, 159192, 161636, 165560, 172388, 173342, 186689, 200357, 200572, 223037, 374191, 374830, 435981]",687451,0.19716923076923076,0.1803272727272727,0.1193142857142857
6m_future12m,peak_latency_P1_corrected,Tryptophan synthesis,0.0742,0.10876391440760975,"[3209, 4364, 4446, 7609, 8840, 8934, 17378, 18028, 36625, 51954, 52628, 57783, 57890, 58147, 58166, 58840, 63526, 63677, 73020, 76047, 83893, 85312, 85339, 88432, 91556, 91608, 92177, 92260, 99506, 104536, 106499, 123171, 125528, 152333, 165172, 196148, 220615, 220927, 247776, 260143, 268686, 273672, 274371, 276116, 283426, 301339, 305261, 315879, 333863, 337477, 360197, 360277, 361260, 361419, 364769, 371585, 372259, 374328, 375016, 378085, 410350, 414415, 414815, 415182, 415380, 434697, 434707, 434948, 434969, 435555, 435671, 436357, 436861, 437374, 437586, 446183, 458588, 498879, 499716, 503092, 511615, 512459, 521599, 523037, 525664, 529749, 531248, 541016, 543953, 545462, 553990, 555438, 564163, 564553, 568714, 585173, 585492, 585855, 586423, 586992, 606623, 607878, 628795, 643894, 643926, 652337, 653868, 676315]",687149,0.2028759493670886,0.18388695652173914,0.10026666666666667
3m_future12m,peak_amp_N2_corrected,Tryptophan synthesis,0.0752,0.12285083836771941,"[1041, 1210, 6199, 7239, 23021, 30910, 50901, 50950, 54196, 54305, 55474, 55843, 57061, 59108, 80714, 97710, 106475, 107962, 115078, 118774, 119352, 122364, 124660, 129502, 140956, 155028, 167644, 177803, 179489, 182888, 189440, 203763, 204153, 204265, 205289, 219896, 222056, 229984, 232967, 244341, 260355, 263012, 267648, 286254, 296787, 301443, 310407, 311433, 319704, 334307, 348761, 351360, 354826, 354850, 357829, 360721, 360776, 361114, 361124, 362871, 365850, 365856, 365888, 369615, 370414, 382232, 398522, 413272, 439529, 447144, 451838, 481893, 482297, 488476, 489858, 522098, 531352, 535872, 537286, 540302, 550075, 552359, 553214, 563205]",574278,0.20304000000000003,0.22496666666666668,0.10026666666666667
3m_future12m,peak_latency_P1_corrected,S-Adenosylmethionine synthesis,0.0794,-0.19463761154368947,"[1007, 11547, 13640, 54252, 103650, 116543, 130146, 135668, 137412, 182690, 197659, 200251, 226997, 237289, 237536, 267106, 276537, 279871, 320392, 321658, 347885, 384333, 424812, 441153, 451905, 464154, 479084, 499393, 505875, 537153, 555475]",574278,0.2052,0.22496666666666668,0.4668
3m_future12m,peak_amp_N1,Quinolinic acid degradation,0.0788,-0.14998113656509432,"[2835, 8394, 9927, 12691, 13067, 43949, 75899, 94547, 115228, 115505, 127882, 128194, 142183, 172196, 172409, 174519, 183443, 185051, 194367, 196430, 199678, 201508, 216246, 217936, 226248, 248381, 254283, 256711, 264452, 270667, 271688, 272002, 274625, 279357, 289336, 313438, 321768, 334488, 344017, 346826, 360737, 361930, 409076, 423192, 430761, 435664, 473897, 480239, 489633, 492971, 500271, 515261, 515326, 515379, 542459]",574278,0.2052,0.22496666666666668,0.18911999999999998
6m_future12m,peak_amp_P1_corrected,Quinolinic acid synthesis,0.078,0.21163373858217216,"[1898, 20405, 60764, 64792, 110796, 118368, 158253, 182884, 185517, 190924, 197632, 304187, 308576, 308875, 382013, 446706, 463999, 488638, 504908, 522886, 579499, 586929, 597649, 597655, 670764, 672990, 686151]",687451,0.2052,0.18919148936170213,0.23399999999999999
6m_future12m,peak_amp_P1_corrected,Acetate synthesis,0.0798,0.12042874324510049,"[510, 7196, 7660, 8211, 19306, 26297, 30691, 32158, 32312, 36740, 39007, 39608, 45406, 49736, 58163, 60966, 67064, 74303, 81296, 96461, 97556, 97924, 106037, 120104, 123510, 129586, 146960, 148061, 150114, 160857, 161948, 168042, 168289, 176304, 179604, 206924, 252969, 258370, 263499, 265452, 274607, 298198, 325633, 339664, 341783, 345662, 351279, 358172, 358720, 363424, 363486, 367227, 380847, 381415, 382896, 412806, 435612, 438631, 464814, 474686, 475070, 475073, 475988, 495668, 500168, 506372, 506681, 516520, 520160, 523136, 537674, 547352, 588648, 592653, 605139, 614301, 614715, 615169, 634086, 650589, 651477, 652057, 654273, 657134, 684644]",687451,0.2052,0.189525,0.19152
3m_future12m,peak_amp_N1,Propionate synthesis,0.0858,-0.26005545541548686,"[18800, 34142, 39398, 43259, 62537, 63467, 75265, 230341, 242574, 250597, 274812, 282171, 303744, 382675, 475963, 538908, 565549]",574278,0.21803294117647057,0.23652972972972972,0.2574
3m_future12m,peak_latency_N1,p-Cresol synthesis,0.0962,0.31126604555340665,"[89710, 233309, 336310, 357911, 385922, 473837, 514875, 532931, 549327, 561126, 563888]",574278,0.2403310344827586,0.25316923076923076,0.1924
3m_future12m,peak_amp_N2_corrected,Glutamate synthesis,0.0968,0.1762413175397597,"[289, 600, 1089, 17680, 35201, 56497, 85317, 119230, 129512, 179234, 195044, 195373, 202817, 203546, 210135, 223636, 230310, 234459, 237614, 239273, 254365, 269406, 279415, 292153, 327048, 340442, 345926, 378953, 393114, 419193, 438397, 451646, 467061, 535403, 535640, 553210]",574278,0.2403310344827586,0.25316923076923076,0.1936
6m_future12m,peak_latency_N1,Butyrate synthesis,0.0998,-0.2239957245863301,"[11757, 24089, 26357, 81290, 168812, 230842, 262118, 294150, 301015, 301181, 301660, 381996, 384181, 405341, 464771, 525042, 554491, 566762, 605207, 617043, 679570]",687451,0.24496363636363636,0.23218775510204082,0.17108571428571429
3m_future12m,peak_amp_N1,Isovaleric acid synthesis,0.1026,0.20364913500853818,"[809, 7105, 14379, 81179, 88619, 128759, 136820, 151491, 166012, 172753, 181061, 184664, 196546, 199970, 200948, 201846, 251230, 323337, 345182, 388404, 421305, 460263, 464894, 474171, 504168, 516220]",574278,0.2490067415730337,0.26163,0.3804
6m_future12m,peak_amp_P1_corrected,Glutamate degradation,0.1042,-0.2597556496250555,"[90028, 118497, 330802, 333543, 348837, 358120, 359050, 359079, 359149, 365283, 368116, 381560, 381663, 432464, 443032, 503943]",687451,0.25007999999999997,0.23757599999999998,0.33
3m_future12m,peak_latency_N2_corrected,Tryptophan synthesis,0.1098,0.11228397669478556,"[2736, 8867, 12283, 12884, 13743, 15001, 15405, 16242, 17915, 28730, 29002, 29795, 33866, 62314, 84084, 90353, 94358, 95831, 107186, 111419, 116703, 117022, 118563, 125368, 146435, 150099, 150108, 150131, 150385, 154297, 163646, 164524, 167272, 169361, 177802, 181877, 182272, 186454, 187822, 205227, 205576, 207753, 228745, 229096, 229436, 230138, 231197, 232450, 236685, 255209, 257324, 263940, 272757, 283263, 296201, 306034, 317218, 355395, 367014, 380735, 398073, 405152, 412363, 436508, 455454, 458284, 460557, 481551, 486511, 502085, 511504, 513147, 527713, 530960, 531135, 548351, 552536, 556478, 560002, 560015, 560059, 563576, 568659, 569990]",574278,0.2606241758241758,0.2724533333333333,0.13176
3m_future12m,peak_amp_N2_corrected,Acetate synthesis,0.1132,0.11997858146456936,"[705, 851, 4791, 5780, 46790, 53053, 54348, 55816, 64016, 65653, 81205, 100235, 105508, 106550, 118860, 143515, 146096, 147269, 167802, 168791, 171704, 181587, 182384, 187896, 189511, 195052, 195173, 247970, 254098, 257389, 260435, 262892, 263837, 264904, 265525, 269898, 297756, 299697, 322733, 332116, 345679, 348672, 348953, 349598, 359948, 363158, 364864, 364980, 365335, 378499, 388216, 397406, 403647, 413308, 413333, 416936, 430045, 432503, 434950, 443671, 452136, 455652, 456687, 465708, 486062, 502130, 509092, 535003, 536151, 560222, 562404, 563120, 573698]",574278,0.2647741935483871,0.2724533333333333,0.2264
6m_future12m,peak_latency_N1,DOPAC synthesis,0.114,-0.3453055380591554,"[14633, 74673, 150813, 209157, 300755, 320111, 621177, 663017]",687451,0.2647741935483871,0.2548235294117647,0.2962
3m_future12m,peak_latency_P1_corrected,Propionate synthesis,0.1202,-0.24064841596416953,"[18888, 34281, 39549, 43409, 62725, 63650, 75474, 230565, 242812, 250848, 275003, 282357, 303922, 382885, 475996, 538694, 565282]",574278,0.2658122448979592,0.2724533333333333,0.28848
3m_future12m,peak_latency_N2_corrected,Propionate degradation,0.119,0.3743255113252902,"[18720, 23188, 62894, 73249, 480294, 481001, 552356]",574278,0.2658122448979592,0.2724533333333333,0.15866666666666665
3m_future12m,peak_amp_P1_corrected,Isovaleric acid synthesis,0.118,-0.1958739368778864,"[25010, 43521, 45034, 68861, 127159, 130150, 164712, 177984, 213119, 244506, 248411, 266278, 267389, 274840, 276983, 293701, 314507, 317798, 348748, 391684, 411758, 426928, 438495, 503119, 515222, 560381]",574278,0.2658122448979592,0.2724533333333333,0.3804
6m_future12m,peak_amp_P1_corrected,S-Adenosylmethionine synthesis,0.1206,0.1826312647804863,"[1699, 20223, 24873, 37811, 46364, 60783, 64071, 97088, 101691, 128117, 128472, 148787, 176842, 239090, 251168, 254760, 257900, 309142, 319466, 341629, 351789, 358499, 361804, 364017, 381769, 382626, 423450, 464599, 465155, 493495]",687451,0.2658122448979592,0.25940377358490563,0.4668
6m_future12m,peak_amp_N2_corrected,ClpB,0.118,0.22913666999204513,"[1469, 3128, 22223, 34878, 61278, 84895, 88945, 111469, 119214, 141155, 209277, 302999, 306129, 394484, 407567, 416016, 447258, 492291, 623132]",687449,0.2658122448979592,0.2586923076923077,0.20228571428571426
3m_future12m,peak_latency_N2_corrected,Quinolinic acid degradation,0.1236,0.13404393256785097,"[7119, 8441, 10872, 37823, 64202, 79346, 96592, 96823, 107158, 107418, 119140, 144013, 144181, 146101, 154033, 155367, 162939, 164519, 167033, 168501, 180386, 181854, 189242, 208738, 214016, 216159, 222680, 227693, 228607, 231181, 235299, 243723, 264267, 271183, 281916, 290372, 292841, 305457, 342920, 361707, 366166, 400267, 405881, 413960, 417047, 421856, 434645, 434705, 434753, 457180, 508193, 544360, 547498, 571792, 573265]",574278,0.26967272727272723,0.27406956521739134,0.2393142857142857
3m_future12m,peak_amp_N2_corrected,Quinolinic acid degradation,0.1396,0.1298140269546849,"[3016, 13363, 38665, 38754, 50351, 53383, 54147, 69630, 75740, 80055, 105019, 109252, 132175, 132422, 134564, 138189, 139852, 147261, 150495, 178216, 196032, 210042, 210816, 237487, 261838, 269263, 286703, 289685, 295394, 296623, 304690, 309442, 341216, 354367, 360564, 365633, 369321, 369330, 381412, 387126, 412307, 413291, 427850, 452084, 502644, 511543, 517441, 528075, 528646, 542391, 551175, 562706, 565345, 568004, 570062]",574278,0.301536,0.3022530612244898,0.2393142857142857
3m_future12m,peak_latency_N2_corrected,17-beta-Estradiol degradation,0.1452,0.2571502435554746,"[82494, 115669, 144073, 155199, 170174, 231190, 256524, 264520, 293368, 379671, 406609, 441471, 525174]",574278,0.3015692307692308,0.3022530612244898,0.4606
3m_future12m,peak_latency_N2_corrected,Glutamate degradation,0.1442,-0.2476150839534231,"[58402, 61111, 96511, 174888, 180217, 181770, 184013, 236347, 242011, 315465, 406232, 458578, 514358, 555564]",574278,0.3015692307692308,0.3022530612244898,0.33
6m_future12m,peak_amp_N1,DOPAC synthesis,0.1432,0.3243744908646573,"[8090, 72828, 85027, 118485, 137141, 346822, 368548, 472585]",687448,0.3015692307692308,0.2948542372881356,0.2962
6m_future12m,peak_amp_N1,ClpB,0.1418,-0.2197278019372106,"[874, 7604, 13989, 43285, 61359, 74112, 145193, 182345, 188948, 192804, 203544, 375795, 419749, 423539, 448177, 462307, 606697, 631225, 642234]",687448,0.3015692307692308,0.2948542372881356,0.2127
3m_future12m,peak_latency_N1,Propionate synthesis,0.1528,0.22760198093980016,"[19368, 92514, 143312, 170772, 236083, 248424, 256324, 267987, 280805, 359275, 387267, 394586, 433795, 462445, 462684, 519332, 556932]",574278,0.30279633027522934,0.3112,0.3056
6m_future12m,peak_amp_N1,Glutamate synthesis,0.1506,-0.1276942414226525,"[2898, 3290, 5570, 15080, 41743, 70091, 72163, 74669, 75779, 86479, 89595, 106195, 106258, 186071, 192920, 202016, 203165, 239612, 250449, 255415, 263373, 275602, 325282, 327254, 367591, 377691, 377770, 387220, 406715, 408425, 420702, 433945, 440286, 441229, 467276, 485356, 486270, 486503, 486702, 490146, 497128, 519732, 520510, 533748, 556227, 567229, 576524, 586698, 587634, 589023, 608300, 640505, 641491, 651027, 664362, 673906]",687448,0.30279633027522934,0.2948542372881356,0.25817142857142855
6m_future12m,peak_amp_N1,Isovaleric acid synthesis,0.1526,-0.16759325360429436,"[8090, 13815, 16991, 46299, 59380, 60145, 72828, 85027, 92966, 134980, 137141, 137989, 145970, 146173, 187875, 189565, 209890, 216902, 289777, 316024, 326978, 346822, 368548, 379564, 472585, 486487, 505183, 597969, 602502, 633706, 640564]",687448,0.30279633027522934,0.2948542372881356,0.3804
6m_future12m,peak_amp_P1_corrected,Inositol degradation,0.1482,0.3444673311571561,"[26832, 236412, 276021, 361907, 362159, 504551, 505834]",687451,0.30279633027522934,0.2948542372881356,0.17784
6m_future12m,peak_amp_N2_corrected,Tryptophan synthesis,0.1516,-0.09133676006523694,"[2125, 2394, 5594, 7637, 8748, 17738, 19551, 22011, 26487, 29886, 32705, 38369, 46874, 55781, 56737, 59613, 60445, 63889, 64029, 65419, 67110, 74450, 75408, 75515, 76286, 77353, 78231, 78415, 80883, 84239, 88551, 96762, 98349, 115680, 117486, 118694, 118812, 119023, 119346, 137279, 146730, 152629, 161241, 163905, 167476, 169980, 174297, 194084, 208466, 212000, 214730, 222925, 231027, 231254, 231577, 232051, 249077, 279497, 279943, 280159, 280508, 281431, 284512, 284799, 300564, 302366, 304397, 304691, 307273, 308600, 312752, 393905, 393932, 394030, 394410, 394806, 394916, 399550, 400299, 402957, 403427, 403660, 406326, 406633, 409063, 410294, 410434, 414836, 417498, 417659, 419569, 447069, 505760, 548311, 554635, 555578, 556745, 561936, 562055, 600427, 600724, 601360, 601403, 601461, 603305, 622984, 623648, 652191]",687449,0.30279633027522934,0.2948542372881356,0.16538181818181819
3m_future12m,peak_amp_N1,S-Adenosylmethionine synthesis,0.1556,0.1675584469468208,"[1002, 11495, 13571, 54090, 103423, 116330, 129936, 135448, 137187, 182532, 197495, 200070, 226774, 237063, 237309, 266900, 276343, 279676, 320203, 321470, 347677, 384133, 424659, 440976, 451727, 463847, 479064, 499413, 506125, 537365, 555682]",574278,0.30554181818181814,0.3112,0.4668
6m_future12m,peak_latency_N2_corrected,DOPAC synthesis,0.1576,-0.32242982327262043,"[4158, 32743, 36778, 58355, 103874, 218557, 371727, 620418]",687451,0.30668108108108105,0.29944,0.2962
3m_future12m,peak_amp_N1,ClpB,0.165,0.21997263593096694,"[1577, 15207, 134659, 147505, 150593, 200551, 209488, 220294, 242276, 254000, 272952, 312636, 336764, 344149, 425415, 480457, 496272]",574278,0.3156631578947368,0.3236538461538462,0.22
6m_future12m,peak_latency_N1,Isovaleric acid synthesis,0.1664,-0.16570359858883288,"[14633, 20281, 74673, 96691, 103314, 119012, 148313, 150813, 159875, 166448, 209157, 220126, 228962, 300755, 320111, 344829, 383660, 391734, 448129, 509967, 520961, 524876, 525271, 541115, 547218, 550452, 561654, 569556, 610959, 663017, 668518]",687451,0.3156631578947368,0.3063290322580645,0.3804
6m_future12m,peak_latency_N2_corrected,Glutamate degradation,0.1666,-0.22548540952962826,"[24378, 104242, 106238, 115167, 231987, 248623, 353199, 378193, 379577, 379652, 531867, 559337, 579845, 644147, 649803, 663110]",687451,0.3156631578947368,0.3063290322580645,0.33
6m_future12m,peak_amp_N1,Glutamate degradation,0.1714,0.2266856940031886,"[55304, 73603, 187499, 192954, 193376, 193388, 193421, 202429, 239612, 311516, 434724, 486270, 576524, 576990, 587330, 675102]",687448,0.32193391304347824,0.3099375,0.33
6m_future12m,peak_latency_N1,Inositol synthesis,0.174,0.31244663193893896,"[35128, 157882, 241323, 241389, 377500, 540891, 548237, 618434]",687451,0.32399999999999995,0.3099375,0.4746
6m_future12m,peak_latency_P1_corrected,Isovaleric acid synthesis,0.1902,0.15623986827073608,"[7792, 36846, 59128, 128742, 141329, 148540, 177245, 182117, 184878, 221044, 243404, 258438, 273781, 319213, 366529, 380730, 381927, 414337, 533332, 545385, 564410, 565563, 566003, 569217, 569292, 582186, 595611, 616423, 628933, 645933, 673422]",687149,0.35113846153846157,0.3335815384615385,0.3804
3m_future12m,peak_latency_N2_corrected,Acetate synthesis,0.195,-0.10352278606048881,"[1299, 2597, 9221, 10807, 11782, 13340, 18760, 21274, 55129, 78154, 84110, 94453, 108357, 114622, 121887, 134260, 143416, 146160, 162866, 167266, 168709, 169659, 178383, 181433, 184654, 186213, 186655, 188740, 191854, 192567, 203258, 204824, 216298, 226804, 233353, 235655, 259716, 260744, 262980, 264627, 264815, 265120, 272736, 282705, 286166, 291867, 291946, 302223, 304805, 323764, 323782, 338465, 363026, 367781, 400322, 400399, 400498, 401419, 403380, 406082, 408523, 417773, 420557, 433431, 441232, 479609, 480292, 480323, 481284, 492873, 497932, 511800, 521569]",574278,0.353097520661157,0.3650142857142857,0.292
3m_future12m,peak_amp_N1,Propionate degradation,0.1962,-0.31448243574400037,"[1772, 10821, 14244, 21635, 26829, 74281, 87068]",574278,0.353097520661157,0.3650142857142857,0.23544
3m_future12m,peak_amp_N2_corrected,Glutamate degradation,0.1978,0.227376756534078,"[35201, 55983, 102943, 118745, 120101, 129512, 186647, 230253, 230275, 299748, 353696, 372937, 452182, 462220]",574278,0.353097520661157,0.3650142857142857,0.33
6m_future12m,peak_amp_P1_corrected,Quinolinic acid degradation,0.1964,0.11264905999642122,"[1685, 2465, 9193, 13364, 19687, 21785, 24161, 25653, 31741, 45295, 58968, 59776, 95706, 95962, 98033, 107237, 108879, 112556, 115614, 122282, 126266, 129488, 156345, 157957, 175636, 177097, 183084, 195161, 199577, 251161, 256721, 262130, 296609, 304202, 310194, 322341, 338671, 341430, 341633, 342973, 347118, 349823, 358277, 380745, 409969, 411025, 418164, 468790, 473443, 475615, 493498, 495391, 505793, 506644, 516658, 524525, 593865, 610129, 644829, 672105]",687451,0.353097520661157,0.3392363636363636,0.2946
3m_future12m,peak_latency_P1_corrected,17-beta-Estradiol degradation,0.2004,0.23693510567688864,"[66052, 98594, 138268, 172448, 185000, 203793, 274828, 304663, 313924, 347633, 451204, 481056, 523178]",574278,0.3548065573770492,0.3650142857142857,0.4606
3m_future12m,peak_latency_P1_corrected,ClpB,0.2052,0.20821686224454,"[1582, 15278, 134878, 147711, 150801, 200738, 209715, 220522, 242515, 254247, 273143, 312827, 336986, 344353, 425572, 480470, 496253]",574278,0.35519999999999996,0.36719999999999997,0.22385454545454542
6m_future12m,peak_latency_N2_corrected,Inositol degradation,0.2072,0.30949824900023026,"[71858, 79140, 352466, 387266, 610699, 610856, 672944]",687451,0.35519999999999996,0.3423304347826087,0.2072
6m_future12m,peak_amp_P1_corrected,ClpB,0.2024,0.19614694138551342,"[1212, 2612, 18591, 29596, 71474, 74796, 93563, 100013, 119280, 256999, 259648, 340054, 350920, 357717, 383165, 419115, 523631, 616270, 675223]",687451,0.35519999999999996,0.3423304347826087,0.22385454545454542
6m_future12m,peak_amp_N2_corrected,GABA synthesis,0.207,-0.23632823777273593,"[78670, 186971, 189856, 194499, 202569, 203766, 219515, 235105, 235339, 261364, 436604, 437436, 513708]",687449,0.35519999999999996,0.3423304347826087,0.3105
6m_future12m,peak_amp_N1,Butyrate synthesis,0.2122,-0.18734089652601726,"[6099, 12505, 18266, 18550, 20902, 59721, 97005, 202601, 218615, 250654, 255437, 255889, 310244, 368562, 375105, 482241, 500696, 524122, 549864, 622752, 623950]",687448,0.36090708661417326,0.3429243243243243,0.3183
3m_future12m,peak_amp_P1_corrected,17-beta-Estradiol degradation,0.218,0.22591446323695374,"[9518, 48042, 65431, 146615, 218415, 270844, 352056, 426094, 456522, 468872, 472031, 560431, 573207]",574278,0.3615157894736842,0.38033898305084746,0.4606
3m_future12m,peak_amp_P1_corrected,Glutamate degradation,0.22,-0.22241139465969856,"[30889, 47941, 143937, 159652, 172100, 234046, 307485, 316068, 373261, 384626, 384631, 425761, 429703, 476566]",574278,0.3615157894736842,0.38033898305084746,0.33
6m_future12m,peak_latency_P1_corrected,DOPAC synthesis,0.2222,0.2893007039312165,"[59128, 177245, 182117, 342950, 545385, 565563, 582186, 628933]",687149,0.3615157894736842,0.3429243243243243,0.2962
6m_future12m,peak_amp_N1,Acetate synthesis,0.2182,-0.09184023066500269,"[2779, 3062, 7990, 14677, 15581, 20155, 20580, 33937, 35441, 40022, 45263, 50153, 58674, 59449, 59736, 74640, 76740, 91555, 97541, 147063, 152400, 164775, 176380, 181998, 185264, 189218, 192975, 193205, 201901, 202323, 203385, 211603, 236468, 250898, 266054, 273155, 275335, 276721, 277784, 284644, 292024, 319836, 331823, 334918, 346465, 352249, 367810, 370375, 376349, 384451, 386245, 400422, 406947, 410271, 414022, 421437, 425917, 428217, 428871, 465947, 476281, 486650, 486662, 487322, 498647, 501503, 506101, 522054, 527821, 531187, 535904, 545263, 570298, 579387, 584247, 586667, 592988, 623055, 640607, 646199, 663619, 665482, 665573, 679035, 687255]",687448,0.3615157894736842,0.3429243243243243,0.292
6m_future12m,peak_amp_N2_corrected,Quinolinic acid degradation,0.2226,0.10821856328803642,"[2015, 2948, 4680, 11034, 16106, 23451, 25829, 28570, 30332, 37338, 52812, 69495, 70497, 77647, 114086, 114407, 116893, 127735, 129577, 133638, 137068, 144517, 149082, 152761, 183634, 185512, 206436, 208225, 215256, 229237, 234234, 295953, 302658, 309019, 348084, 356945, 363049, 375452, 392702, 396047, 396266, 397736, 402768, 406160, 416662, 444635, 481256, 482499, 491066, 519938, 553346, 559557, 562399, 584946, 587437, 599743, 601257, 602409, 624187, 685879]",687449,0.3615157894736842,0.3429243243243243,0.29679999999999995
6m_future12m,peak_amp_N2_corrected,Acetate synthesis,0.219,0.0925370648722126,"[645, 8680, 9229, 9870, 23036, 24116, 31071, 36133, 37816, 37982, 37992, 43016, 45573, 46246, 52956, 58096, 60341, 68516, 69471, 71941, 79410, 88355, 96904, 97013, 115021, 116316, 116756, 126368, 142075, 145913, 152867, 172861, 174146, 176488, 188931, 190215, 197415, 197707, 207266, 211282, 242604, 298180, 304603, 310590, 312809, 323325, 349869, 378843, 393992, 396426, 400953, 408026, 416539, 417187, 420510, 423103, 423184, 427837, 444741, 445341, 446957, 458211, 468551, 484561, 491821, 492759, 498177, 513224, 517030, 548649, 561206, 561686, 561691, 562891, 587868, 593646, 601542, 602036, 602457, 614856, 619117, 622550, 625175, 640651, 650861]",687449,0.3615157894736842,0.3429243243243243,0.292
6m_future12m,peak_latency_N1,17-beta-Estradiol degradation,0.2308,0.19440754012919992,"[7530, 8642, 84336, 154327, 204016, 215164, 222001, 230073, 296074, 300041, 357602, 422246, 429021, 456826, 520310, 539601, 566993]",687451,0.3720358208955224,0.3507692307692307,0.4606
3m_future12m,peak_latency_P1_corrected,Glutamate synthesis,0.2392,0.13611479712966545,"[757, 1509, 2856, 18972, 44403, 57472, 75211, 115347, 130131, 172874, 175506, 178695, 180190, 184221, 196817, 198123, 203604, 222924, 226076, 230409, 231004, 242804, 287492, 345798, 349499, 456674, 463827, 474928, 476281, 478725, 485018, 485609, 491923, 533093, 564808, 571692]",574278,0.3756521739130435,0.40664,0.31655999999999995
6m_future12m,peak_latency_N1,Propionate synthesis,0.24,-0.18340730811422648,"[28191, 29676, 102347, 103292, 124850, 207415, 214581, 219398, 220112, 300882, 330027, 331849, 350408, 385028, 555807, 557314, 567179, 605191, 629841]",687451,0.3756521739130435,0.3507692307692307,0.41142857142857137
6m_future12m,peak_amp_P1_corrected,Inositol synthesis,0.237,0.27765811129068163,"[55138, 176647, 197477, 252818, 380235, 380380, 636459, 637773]",687451,0.3756521739130435,0.3507692307692307,0.4746
6m_future12m,peak_amp_N2_corrected,Glutamate synthesis,0.2348,-0.11038299779020155,"[1685, 9498, 10427, 10488, 17403, 17468, 17975, 19263, 20207, 36885, 36949, 47467, 51794, 55192, 71819, 82250, 94284, 133381, 134582, 137877, 142127, 144151, 166370, 172682, 191113, 197944, 213810, 213942, 241594, 281000, 294888, 297235, 302968, 306725, 308346, 315335, 320168, 347526, 381581, 384157, 386972, 402345, 416397, 420980, 423358, 423974, 444904, 446596, 522594, 533059, 547773, 578053, 618012, 619687, 622577, 684995]",687449,0.3756521739130435,0.3507692307692307,0.31655999999999995
6m_future12m,peak_amp_N1,p-Cresol synthesis,0.2446,-0.19835198245062785,"[8017, 8399, 40040, 60801, 74742, 202404, 203560, 321420, 322646, 415804, 512143, 524430, 564641, 564843, 638857, 645213]",687448,0.38009784172661876,0.35296708860759496,0.3410181818181818
3m_future12m,peak_amp_N1,GABA synthesis,0.2522,-0.20710011920848748,"[772, 13650, 15842, 18422, 23725, 33051, 36893, 51428, 96721, 123998, 137585, 296164, 458632, 521406]",574278,0.38575774647887323,0.41992615384615384,0.3362666666666666
6m_future12m,peak_latency_P1_corrected,Menaquinone synthesis,0.2536,-0.092522689881953,"[555, 7367, 7979, 8623, 17905, 34859, 35163, 35919, 59973, 63336, 78329, 85322, 92778, 116354, 126812, 128987, 136808, 176849, 180498, 213150, 216737, 218451, 223507, 226327, 235464, 235542, 240543, 241053, 253458, 253721, 270883, 281536, 282239, 283265, 299796, 304478, 331394, 332152, 337467, 339069, 342631, 362881, 373928, 378225, 380555, 392634, 396798, 397332, 400981, 402716, 426222, 431448, 449455, 494126, 497279, 526838, 528076, 541000, 549559, 565306, 582031, 585267, 588479, 591205, 595588, 632030, 632404, 632813, 638193, 639331, 666378, 672758, 675367, 676443, 679504, 684994]",687149,0.38575774647887323,0.3569185185185185,0.27665454545454543
6m_future12m,peak_latency_N2_corrected,Quinolinic acid synthesis,0.2524,-0.15248909940104893,"[254, 1108, 15915, 17091, 30702, 49544, 50661, 52734, 55752, 88094, 137195, 191599, 208335, 269078, 331299, 348619, 426134, 468319, 573337, 573338, 582376, 592160, 610738, 644347, 652880, 665727, 666700]",687451,0.38575774647887323,0.3569185185185185,0.37848
3m_future12m,peak_amp_N2_corrected,Isovaleric acid synthesis,0.2568,0.15657009868087926,"[314, 25387, 51295, 53939, 72194, 124811, 125815, 128679, 143548, 144046, 150442, 178247, 208029, 246073, 274920, 285654, 310739, 322271, 325313, 345087, 369456, 442412, 450519, 468495, 541445, 555782]",574278,0.38789370629370623,0.41992615384615384,0.44022857142857136
3m_future12m,peak_latency_N2_corrected,Inositol synthesis,0.2612,-0.26496334476814043,"[1169, 61712, 164273, 236891, 330387, 379868, 536959, 555768]",574278,0.3918,0.41992615384615384,0.4746
6m_future12m,peak_latency_N2_corrected,Glutamate synthesis,0.2638,-0.10693835837785093,"[7720, 11435, 18376, 31600, 45023, 48948, 49023, 59455, 72680, 102501, 104242, 106238, 188863, 201939, 220981, 221624, 263215, 265053, 288310, 309161, 310607, 316888, 316919, 320173, 320350, 321480, 321582, 321735, 343355, 343813, 364446, 385689, 391287, 400837, 413326, 415952, 423319, 473459, 477211, 515102, 522935, 545335, 584361, 597266, 613685, 613755, 621572, 643884, 644615, 649803, 653080, 657160, 666339, 667933, 672919, 673118]",687451,0.3929710344827586,0.36674634146341456,0.31655999999999995
3m_future12m,peak_latency_P1_corrected,p-Cresol synthesis,0.2676,0.22936511793611367,"[53084, 201217, 221422, 250039, 274348, 321598, 335924, 437904, 465483, 508203, 517128]",574278,0.39320816326530617,0.41992615384615384,0.3410181818181818
3m_future12m,peak_amp_N1,Quinolinic acid synthesis,0.266,-0.1724498396191259,"[2807, 11780, 19991, 27428, 59371, 74494, 91739, 123768, 172532, 174447, 181991, 184688, 229431, 439387, 440197, 473531, 489360, 508556, 515625, 516461]",574278,0.39320816326530617,0.41992615384615384,0.37848
6m_future12m,peak_amp_N1,Inositol synthesis,0.2712,-0.2631691493075759,"[31189, 140916, 142109, 201446, 321473, 517922, 580871, 642158]",687448,0.3958054054054054,0.37249156626506025,0.4746
3m_future12m,peak_latency_P1_corrected,Quinolinic acid synthesis,0.2948,-0.1642216564679988,"[2818, 11832, 20087, 27540, 59547, 74704, 91955, 123967, 172707, 174624, 182153, 184836, 229654, 439567, 440377, 473770, 489352, 508308, 515381, 516216]",574278,0.4104,0.43486829268292687,0.37848
3m_future12m,peak_latency_N2_corrected,p-Cresol synthesis,0.3126,-0.2154077205455745,"[45396, 168129, 184715, 210018, 230764, 270883, 282989, 368159, 392416, 428512, 436571]",574278,0.4104,0.43486829268292687,0.3410181818181818
3m_future12m,peak_amp_N1,Butyrate synthesis,0.3098,-0.18427514919122423,"[19288, 44289, 54499, 81265, 82894, 195625, 237413, 250085, 257528, 272879, 291496, 359200, 458100, 473657, 507649]",574278,0.4104,0.43486829268292687,0.40007999999999994
3m_future12m,peak_amp_P1_corrected,p-Cresol synthesis,0.296,0.21660276174987972,"[27229, 45129, 51995, 132235, 193100, 234058, 287717, 440637, 474393, 534326, 565984]",574278,0.4104,0.43486829268292687,0.3410181818181818
3m_future12m,peak_amp_P1_corrected,Quinolinic acid synthesis,0.3034,-0.16491054543428219,"[1004, 3084, 76879, 78325, 95240, 119720, 129376, 140354, 140386, 168684, 206937, 293454, 335817, 341919, 348658, 348783, 415701, 443308, 515152, 539602]",574278,0.4104,0.43486829268292687,0.37848
3m_future12m,peak_amp_N2_corrected,Quinolinic acid synthesis,0.308,0.16497062296041148,"[1076, 3884, 6000, 8122, 50332, 56441, 99809, 99816, 178166, 178490, 223730, 237443, 369368, 369492, 427852, 436886, 438242, 545253, 545414, 551807]",574278,0.4104,0.43486829268292687,0.37848
3m_future12m,peak_amp_N2_corrected,S-Adenosylmethionine synthesis,0.3094,0.12886558818653795,"[51621, 53957, 71425, 98008, 100093, 102064, 107915, 116256, 121305, 154702, 167923, 172899, 175521, 195226, 199765, 233655, 255007, 281962, 299041, 299685, 317277, 348341, 360657, 362418, 450615, 487371, 490405, 499664, 554260, 554269, 563071]",574278,0.4104,0.43486829268292687,0.5024727272727273
6m_future12m,peak_latency_P1_corrected,GABA synthesis,0.2922,-0.20309863639131798,"[104643, 121680, 194100, 253548, 319076, 323190, 338111, 393042, 396202, 396428, 401846, 407350, 639159]",687149,0.4104,0.38093932584269663,0.35064
6m_future12m,peak_latency_P1_corrected,Propionate degradation,0.308,-0.2678267374138097,"[317911, 391143, 393437, 403150, 639484, 665269, 678823]",687149,0.4104,0.38250638297872347,0.308
6m_future12m,peak_latency_N2_corrected,Inositol synthesis,0.3106,0.25285714597428444,"[169, 14297, 47042, 55679, 183197, 276491, 424823, 643636]",687451,0.4104,0.38250638297872347,0.4746
6m_future12m,peak_amp_N1,17-beta-Estradiol degradation,0.2974,-0.1776428128358894,"[4111, 41382, 82097, 108252, 139884, 162913, 174540, 202980, 252321, 331136, 493323, 562025, 617254, 640445, 664183, 667896, 683941]",687448,0.4104,0.38093932584269663,0.4606
6m_future12m,peak_amp_N1,Propionate degradation,0.2968,-0.26757641746709904,"[164281, 323264, 481918, 516453, 544711, 605159, 611335]",687448,0.4104,0.38093932584269663,0.308
6m_future12m,peak_amp_P1_corrected,p-Cresol synthesis,0.3082,0.18342770589219343,"[19361, 75320, 99266, 120278, 195571, 358947, 381526, 383193, 387193, 391385, 418165, 631454, 645314, 646191, 657569, 686177]",687451,0.4104,0.38250638297872347,0.3410181818181818
6m_future12m,peak_amp_P1_corrected,DOPAC synthesis,0.2962,0.25445873330588864,"[19498, 117337, 138679, 203447, 242566, 330294, 474785, 508052]",687451,0.4104,0.38093932584269663,0.2962
6m_future12m,peak_amp_N2_corrected,DOPAC synthesis,0.2948,0.25858437305892434,"[23243, 138982, 163281, 238606, 285051, 383631, 561332, 604304]",687449,0.4104,0.38093932584269663,0.2962
6m_future12m,peak_amp_N2_corrected,17-beta-Estradiol degradation,0.3154,-0.1720357538679334,"[12679, 14369, 81665, 157058, 217644, 290990, 292552, 346432, 372858, 396751, 409102, 422157, 446319, 532136, 552025, 559627, 671719]",687449,0.4104,0.38250638297872347,0.4606
6m_future12m,peak_amp_N2_corrected,Quinolinic acid synthesis,0.3154,-0.13921838081670035,"[2251, 7257, 24270, 71701, 76648, 131679, 140140, 185851, 215037, 218122, 224477, 232033, 356930, 361402, 361706, 421324, 445992, 455590, 527164, 547684, 559435, 578897, 599959, 622239, 630811, 638828, 639304]",687449,0.4104,0.38250638297872347,0.37848
6m_future12m,peak_amp_N2_corrected,Propionate synthesis,0.2972,-0.16960563257349848,"[47817, 50448, 53477, 190294, 192283, 237856, 287427, 365006, 374940, 379993, 395998, 402406, 404124, 405560, 446745, 561636, 621045, 623641, 657326]",687449,0.4104,0.38093932584269663,0.44580000000000003
3m_future12m,peak_amp_N1,Glutamate degradation,0.3178,-0.1903156537262105,"[68781, 72064, 115134, 137204, 209455, 216050, 217840, 220407, 280567, 287305, 374217, 480628, 512999, 544324]",574278,0.41104670658682635,0.43486829268292687,0.3770181818181818
3m_future12m,peak_amp_N1,17-beta-Estradiol degradation,0.3216,-0.1934108415506376,"[65863, 138043, 172273, 184852, 203558, 274634, 304485, 313729, 347425, 451028, 481045, 523420, 572557]",574278,0.4134857142857143,0.43486829268292687,0.4606
6m_future12m,peak_latency_N1,Glutamate degradation,0.3248,-0.17325774436855848,"[57658, 75394, 209416, 232389, 234200, 241934, 274496, 280574, 316328, 440034, 558987, 561177, 566654, 630783, 630896, 630907]",687451,0.41512899408284026,0.38975999999999994,0.3770181818181818
3m_future12m,peak_latency_N2_corrected,GABA synthesis,0.3268,0.1838920277582635,"[638, 11725, 13665, 15922, 20526, 28563, 44149, 81124, 115279, 249361, 386798, 482269, 527888, 564796]",574278,0.4152282352941176,0.43486829268292687,0.3565090909090909
3m_future12m,peak_latency_N1,Isovaleric acid synthesis,0.3418,-0.135463980166306,"[453, 35460, 62984, 65532, 67666, 71180, 109542, 129018, 180648, 213486, 214846, 273977, 312536, 325256, 328193, 366044, 396168, 430638, 434253, 460957, 463978, 473016, 485405, 498096, 524325, 547204]",574278,0.41952,0.43486829268292687,0.4432
3m_future12m,peak_latency_N1,Glutamate degradation,0.3456,0.17514592591560674,"[44452, 92004, 145523, 179393, 183073, 183104, 233281, 279388, 336932, 336937, 351083, 477947, 553033, 569127]",574278,0.41952,0.43486829268292687,0.3770181818181818
3m_future12m,peak_latency_P1_corrected,Acetate synthesis,0.3414,-0.0826688907462646,"[1543, 1760, 2151, 3083, 10855, 12679, 13782, 15560, 19260, 21773, 24697, 64939, 93327, 100537, 112912, 129517, 137006, 145682, 160454, 171534, 174758, 194425, 196315, 200150, 201973, 203154, 214075, 217684, 221352, 223097, 223590, 225902, 229427, 230239, 242423, 244224, 257113, 269847, 272251, 277315, 279966, 308368, 309534, 312136, 314047, 314269, 314629, 323859, 335598, 339480, 345923, 346006, 358155, 361356, 385343, 385363, 403905, 432342, 437506, 474132, 474204, 474294, 475160, 475224, 477473, 480474, 483203, 493818, 494760, 498555, 513744, 522851, 569996]",574278,0.41952,0.43486829268292687,0.40968
3m_future12m,peak_latency_P1_corrected,Butyrate synthesis,0.3334,-0.1801439410165725,"[19380, 44450, 54660, 81481, 83114, 195780, 237641, 250337, 257767, 273068, 291679, 359416, 458353, 507395, 573131]",574278,0.41952,0.43486829268292687,0.40007999999999994
3m_future12m,peak_latency_N2_corrected,Glutamate synthesis,0.3496,0.1129425108810108,"[625, 2403, 16318, 49031, 96511, 144411, 146860, 149704, 151067, 154563, 164681, 165681, 186058, 188897, 192726, 193266, 203590, 242011, 291759, 294982, 384802, 390979, 401135, 402338, 404495, 410051, 410563, 416057, 449793, 475118, 488468, 492519, 522913, 545473, 557197, 567143]",574278,0.41952,0.43486829268292687,0.3496
3m_future12m,peak_latency_N2_corrected,Isovaleric acid synthesis,0.3476,0.13596710958844654,"[671, 6032, 12359, 68468, 74515, 107891, 126929, 139070, 144453, 164606, 167267, 168769, 211306, 291396, 326350, 353666, 388202, 392175, 400513, 424833, 435531, 488954, 491780, 493412, 501262, 530266]",574278,0.41952,0.43486829268292687,0.4432
3m_future12m,peak_amp_P1_corrected,Glutamate synthesis,0.3494,0.11336045314228736,"[475, 1012, 19474, 30889, 44525, 47379, 56494, 75706, 79945, 119676, 129563, 143516, 166075, 172100, 187406, 227437, 228927, 242640, 245401, 254898, 270723, 327707, 335554, 337693, 394399, 394708, 401427, 432117, 439594, 441480, 454376, 464947, 469573, 476472, 516260, 522437]",574278,0.41952,0.43486829268292687,0.3496
6m_future12m,peak_latency_N2_corrected,17-beta-Estradiol degradation,0.3442,-0.16636129688770984,"[35676, 95994, 137837, 172731, 177051, 185747, 309060, 321000, 347592, 385854, 412485, 458600, 534813, 547308, 625493, 642780, 644488]",687451,0.41952,0.4029551020408163,0.4606
6m_future12m,peak_latency_N2_corrected,S-Adenosylmethionine synthesis,0.3464,-0.12285692949929278,"[5867, 16900, 39497, 88250, 110963, 115463, 165147, 193111, 217612, 219724, 220203, 227169, 293339, 297742, 336560, 351372, 352022, 395528, 399324, 442283, 461704, 469586, 472705, 489073, 515320, 593712, 644633, 652329, 652377, 679970]",687451,0.41952,0.4029551020408163,0.5024727272727273
6m_future12m,peak_amp_P1_corrected,17-beta-Estradiol degradation,0.346,0.16349120317689536,"[10551, 11944, 68897, 185112, 247221, 295115, 319803, 342079, 362722, 382321, 450688, 467614, 473496, 565312, 608831, 628073, 665757]",687451,0.41952,0.4029551020408163,0.4606
3m_future12m,peak_latency_N2_corrected,S-Adenosylmethionine synthesis,0.3632,0.12161570127994273,"[832, 9822, 11654, 46378, 86700, 108878, 113503, 114961, 165329, 167344, 189710, 198763, 198974, 224426, 232664, 235568, 269908, 270936, 293590, 356377, 370905, 380361, 391254, 421208, 426403, 452776, 467479, 505573, 549087, 555080, 556607]",574278,0.4331868131868132,0.44634216867469884,0.5024727272727273
6m_future12m,peak_latency_N1,S-Adenosylmethionine synthesis,0.365,0.12014549065759317,"[1360, 15109, 17891, 25012, 29963, 64102, 81338, 81537, 148187, 160972, 214778, 221760, 231447, 241978, 373802, 409228, 422851, 423586, 430667, 432261, 440449, 451645, 519019, 519538, 524732, 533489, 567137, 581101, 600619, 641811]",687451,0.4331868131868132,0.42030303030303034,0.5024727272727273
3m_future12m,peak_latency_N1,Quinolinic acid degradation,0.3744,0.09204985772869678,"[4740, 6195, 19625, 44478, 48913, 54152, 65315, 65411, 76275, 78635, 88450, 88829, 106903, 145309, 182461, 183145, 189117, 211747, 214708, 214717, 234712, 256263, 297056, 302963, 310126, 316152, 321687, 323960, 327847, 328007, 335753, 337082, 342578, 346574, 363339, 364516, 377943, 393545, 409490, 427723, 431561, 434508, 440412, 458322, 468371, 472950, 490295, 495284, 495566, 514812, 520062, 521577, 525628, 526036, 568929]",574278,0.4419147540983607,0.44973793103448273,0.44928
3m_future12m,peak_latency_N1,Inositol synthesis,0.3812,0.21991049506329774,"[183882, 199356, 209136, 299380, 363303, 412553, 459679, 547461]",574278,0.4450767567567568,0.44973793103448273,0.4746
3m_future12m,peak_latency_P1_corrected,Glutamate degradation,0.3808,-0.16525674602621798,"[68970, 72273, 115347, 137429, 209682, 216278, 218070, 220635, 280758, 287492, 374433, 480639, 512761, 544112]",574278,0.4450767567567568,0.44973793103448273,0.3808
3m_future12m,peak_amp_N1,Tryptophan synthesis,0.3836,-0.0706602895288252,"[2696, 3233, 10419, 14289, 14977, 15928, 17358, 17818, 18798, 20711, 24364, 33256, 33563, 34488, 39270, 73555, 99730, 100286, 107793, 112583, 114325, 120042, 127915, 132965, 139280, 139661, 141519, 149627, 172674, 172774, 174876, 178947, 178956, 178980, 179261, 183771, 195297, 196435, 196768, 199976, 200137, 201897, 202562, 213143, 217962, 218424, 223148, 224652, 244432, 244830, 247269, 271851, 272656, 273444, 274642, 276099, 280962, 302947, 305410, 313057, 323697, 333614, 335846, 336006, 336186, 337926, 350713, 362615, 368878, 376622, 423454, 436529, 452118, 459962, 471428, 479432, 487781, 493938, 499171, 517299, 540609, 543838, 547105, 573365]",574278,0.4454709677419355,0.44973793103448273,0.3836
6m_future12m,peak_amp_P1_corrected,Butyrate synthesis,0.3864,0.136434878564259,"[15705, 27153, 36264, 36679, 40082, 97900, 128049, 157739, 160631, 270723, 303395, 363443, 381805, 412413, 464424, 473389, 475295, 475576, 476444, 640629, 671590]",687451,0.44632299465240644,0.440496,0.4215272727272727
6m_future12m,peak_amp_N2_corrected,Inositol synthesis,0.3936,-0.20988783037380665,"[1415, 64765, 207677, 231857, 295107, 297997, 444083, 444242]",687449,0.45222127659574474,0.4439294117647059,0.4746
6m_future12m,peak_amp_N2_corrected,S-Adenosylmethionine synthesis,0.3972,0.11062365165932275,"[2029, 24067, 29425, 44219, 54091, 71729, 75765, 115770, 121220, 151208, 151612, 174996, 207915, 280754, 295960, 300347, 304051, 361977, 372511, 396262, 408671, 416918, 420954, 423908, 445727, 446652, 497851, 548393, 549061, 584942]",687449,0.4539428571428571,0.4439294117647059,0.5024727272727273
3m_future12m,peak_amp_P1_corrected,Acetate synthesis,0.4022,-0.07225673423636458,"[1087, 26393, 27418, 47899, 59875, 68676, 69526, 69872, 89548, 97868, 113103, 113634, 121909, 122462, 122531, 122697, 127480, 136332, 155801, 180242, 187125, 190725, 194875, 196532, 219305, 227393, 234001, 244429, 245692, 278479, 279169, 286841, 288375, 292833, 293047, 297384, 305549, 310944, 315688, 326433, 326452, 334752, 356758, 362023, 365152, 367572, 375696, 394412, 397243, 397347, 397631, 401137, 408381, 414716, 421447, 429646, 430137, 434093, 460923, 467755, 470146, 470213, 473615, 479832, 481912, 488663, 491813, 513317, 526208, 527006, 535798, 539291, 573812]",574278,0.4572378947368421,0.46188260869565223,0.424
3m_future12m,peak_latency_N2_corrected,Propionate synthesis,0.4056,0.14701124319675513,"[33978, 37242, 53302, 192868, 203597, 210745, 231340, 237717, 255895, 321804, 453972, 475466, 481263, 482119, 484777, 540679, 553896]",574278,0.45868900523560213,0.46188260869565223,0.4922181818181818
3m_future12m,peak_latency_N1,GABA synthesis,0.408,0.15712832923035894,"[7809, 190622, 221589, 230916, 252873, 300986, 305933, 351936, 360091, 368904, 408665, 464503, 516437, 517331]",574278,0.45886010362694296,0.46188260869565223,0.408
6m_future12m,peak_latency_N1,ClpB,0.41,0.13971579045368543,"[980, 13967, 45476, 59729, 75889, 160420, 331492, 377685, 382532, 387074, 391570, 409493, 424437, 436660, 450773, 525766, 567361, 630751, 654950]",687451,0.45886010362694296,0.45378640776699025,0.41
3m_future12m,peak_latency_N1,17-beta-Estradiol degradation,0.4166,-0.16278654520929436,"[52631, 65347, 89883, 145743, 158085, 206419, 270377, 299195, 339579, 346964, 426041, 432042, 490002]",574278,0.4614646153846154,0.46188260869565223,0.4606
3m_future12m,peak_amp_P1_corrected,Inositol synthesis,0.4148,0.20770587006112107,"[75780, 177685, 188620, 245704, 349831, 410637, 456705, 542865]",574278,0.4614646153846154,0.46188260869565223,0.4746
3m_future12m,peak_amp_N1,Acetate synthesis,0.424,-0.06980092666537283,"[1538, 1754, 2142, 3072, 10810, 12618, 13714, 15490, 19167, 21682, 24599, 64751, 93106, 100322, 112693, 129312, 136789, 145482, 160257, 171361, 174581, 194274, 196153, 199969, 201769, 202931, 213851, 217451, 221132, 222875, 223366, 225678, 229203, 230016, 242184, 243976, 256871, 269645, 272062, 277120, 279772, 308184, 309349, 311948, 313853, 314075, 314435, 323672, 335370, 339263, 345720, 345805, 357943, 361148, 385145, 385165, 403731, 432155, 437321, 473960, 474046, 474152, 475094, 475160, 477444, 480461, 483200, 493834, 494778, 498575, 513985, 523093, 570255]",574278,0.46620913705583755,0.4650322580645161,0.424
6m_future12m,peak_latency_P1_corrected,17-beta-Estradiol degradation,0.4252,0.13694551710417147,"[37314, 52367, 80546, 86808, 93599, 136683, 168936, 209682, 217901, 338725, 398201, 412235, 428669, 470590, 574548, 592585, 636992]",687149,0.46620913705583755,0.46608461538461543,0.4606
6m_future12m,peak_amp_N2_corrected,Isovaleric acid synthesis,0.4314,-0.10309344579656138,"[23243, 34551, 40233, 77886, 86488, 90098, 109959, 116200, 117393, 138982, 163281, 179321, 192328, 226335, 233747, 280969, 285051, 287164, 302003, 308000, 308442, 314376, 383631, 405589, 408640, 420695, 464804, 480209, 561332, 604304, 647833]",687449,0.47061818181818177,0.4676072727272727,0.4432
3m_future12m,peak_latency_P1_corrected,Isovaleric acid synthesis,0.4432,0.11076763940140993,"[811, 7127, 14448, 81394, 88831, 128964, 137037, 151697, 166205, 172929, 181226, 184813, 196708, 200151, 201142, 202052, 251478, 323524, 345384, 388598, 421461, 460531, 465212, 474311, 503985, 515976]",574278,0.47391683168316834,0.47585684210526313,0.4432
3m_future12m,peak_amp_N2_corrected,p-Cresol synthesis,0.443,-0.16695670702430632,"[54077, 56039, 81403, 107932, 156012, 229423, 381418, 445996, 550706, 554601, 565404]",574278,0.47391683168316834,0.47585684210526313,0.443
6m_future12m,peak_latency_P1_corrected,Propionate synthesis,0.437,0.13252322589688464,"[24794, 34321, 68520, 112665, 118557, 118866, 134527, 171221, 330966, 339368, 356243, 368658, 369256, 402390, 430704, 549543, 577803, 592807, 638885]",687149,0.47391683168316834,0.4676072727272727,0.4922181818181818
6m_future12m,peak_latency_N2_corrected,Isovaleric acid synthesis,0.4396,0.09609906513461744,"[4158, 25365, 27535, 32743, 36778, 53389, 56436, 72670, 103874, 170860, 179235, 196047, 218557, 229761, 275860, 356969, 371727, 378609, 379309, 387489, 395615, 403233, 413890, 414624, 459036, 467833, 489329, 532625, 620418, 663127, 672904]",687451,0.47391683168316834,0.4676072727272727,0.4432
6m_future12m,peak_latency_N1,Quinolinic acid degradation,0.4464,-0.0715817732071945,"[1349, 1925, 16072, 29364, 38130, 61046, 62050, 68721, 69698, 71780, 80236, 109486, 113119, 156890, 189698, 196691, 205232, 214618, 214782, 215904, 241546, 265387, 296956, 300005, 301209, 311353, 317116, 332205, 364107, 374692, 379609, 380475, 381323, 383065, 388525, 399439, 405096, 413683, 435824, 468905, 481374, 494846, 505300, 527993, 530458, 549549, 550538, 571831, 600897, 606768, 607232, 610941, 616843, 618491, 637285, 641812, 653529, 670000, 675070, 686662]",687451,0.47498719211822665,0.4676072727272727,0.4512
6m_future12m,peak_latency_N2_corrected,Propionate synthesis,0.4512,-0.12079441656545098,"[11785, 90177, 97562, 101349, 110835, 179376, 182623, 289146, 299164, 305977, 341861, 403016, 421556, 581254, 584656, 644676, 657273, 665748, 679341]",687451,0.47541073170731707,0.4676072727272727,0.4922181818181818
6m_future12m,peak_amp_N1,Quinolinic acid degradation,0.4512,0.07011585887446398,"[3539, 5145, 8189, 9356, 10704, 33953, 34567, 58348, 66043, 67083, 69511, 71627, 78336, 80123, 95838, 114529, 141255, 163831, 181089, 183628, 186312, 188187, 193016, 217380, 217931, 221781, 238136, 253022, 265315, 265930, 277370, 310626, 329735, 347264, 370859, 371259, 376339, 377676, 396020, 398301, 410288, 447488, 449410, 449458, 499794, 515913, 528640, 533773, 546394, 561580, 562023, 574442, 576660, 600574, 602751, 606953, 607224, 658143, 665876, 680329]",687448,0.47541073170731707,0.4676072727272727,0.4512
3m_future12m,peak_amp_P1_corrected,S-Adenosylmethionine synthesis,0.4556,-0.10012343232992299,"[7692, 27139, 32432, 34831, 51494, 70869, 77079, 87733, 148213, 157253, 182515, 195670, 206070, 233650, 253999, 292469, 311520, 311603, 318233, 375697, 411103, 429404, 429634, 440609, 451359, 457149, 479573, 513272, 544219, 554576, 569481]",574278,0.47771650485436895,0.4764121212121212,0.5024727272727273
3m_future12m,peak_latency_N1,S-Adenosylmethionine synthesis,0.4606,0.09608262871259679,"[575, 5532, 6651, 40407, 52321, 87105, 90481, 91701, 180562, 183774, 192383, 224733, 252283, 253329, 277298, 292217, 299826, 307292, 348335, 348758, 357894, 357912, 364937, 388135, 390437, 415103, 436687, 475348, 475457, 525935, 571673]",574278,0.4778870813397129,0.4764121212121212,0.5024727272727273
3m_future12m,peak_latency_P1_corrected,Inositol synthesis,0.4624,-0.17462778832256604,"[1394, 73030, 145719, 196279, 281392, 370668, 393902, 451403]",574278,0.4778870813397129,0.4764121212121212,0.4746
3m_future12m,peak_amp_N2_corrected,17-beta-Estradiol degradation,0.4606,-0.1468440260426539,"[41205, 54429, 59325, 154074, 197045, 201557, 262110, 272799, 283928, 389666, 452281, 454074, 508275]",574278,0.4778870813397129,0.4764121212121212,0.4606
6m_future12m,peak_amp_N1,Quinolinic acid synthesis,0.4656,0.09312445168783573,"[8596, 35293, 38311, 73514, 106811, 112190, 170425, 170585, 202758, 242055, 250415, 263706, 318051, 371429, 375779, 415771, 473361, 507772, 515914, 522025, 584048, 589991, 596915, 619210, 681834, 685963, 685964]",687448,0.47890285714285713,0.4781837837837838,0.4682
3m_future12m,peak_latency_N1,Quinolinic acid synthesis,0.4682,-0.11139992825524425,"[25133, 36514, 47463, 65468, 193002, 201503, 205406, 205661, 214754, 214882, 325594, 393493, 416680, 431551, 471949, 471973, 472843, 473842, 492951, 505393]",574278,0.47929478672985776,0.477564,0.4682
6m_future12m,peak_latency_P1_corrected,Inositol synthesis,0.4746,0.1707713555150981,"[96551, 275100, 283693, 359905, 445467, 445518, 555572, 567729]",687149,0.4835547169811321,0.483075,0.4746
3m_future12m,peak_latency_N2_corrected,Menaquinone synthesis,0.4894,0.04569336695064245,"[685, 933, 1784, 2047, 6344, 8373, 10251, 10855, 11842, 12116, 12837, 13088, 14819, 14926, 15317, 16079, 16933, 17477, 19420, 24828, 41425, 51914, 56157, 59244, 67065, 70658, 74329, 86112, 86425, 96750, 120034, 123612, 131788, 143829, 147365, 155568, 162114, 170167, 186287, 201275, 210834, 228627, 228954, 229790, 230386, 230910, 234144, 235171, 260809, 270818, 270952, 274916, 284742, 294342, 302322, 340815, 343814, 353933, 353968, 362594, 366395, 378005, 379786, 386171, 427925, 428374, 435827, 444697, 459445, 466976, 483619, 487323, 492990, 498849, 505925, 519110, 522577, 523491, 526210, 543272, 543341, 545282, 551543, 563492]",574278,0.49397383177570087,0.4894,0.4894
3m_future12m,peak_amp_N2_corrected,Butyrate synthesis,0.4894,-0.0990323249103634,"[13463, 16774, 53261, 130506, 135384, 205442, 257861, 332920, 361691, 394604, 412474, 425450, 479642, 503528, 516757]",574278,0.49397383177570087,0.4894,0.4894
6m_future12m,peak_amp_N1,Propionate synthesis,0.4992,0.09442575160489301,"[23119, 24848, 97565, 98233, 118159, 171957, 203254, 295321, 314916, 364898, 375806, 400082, 461221, 473191, 545452, 553926, 616642, 630328, 658440]",687448,0.5015218604651163,0.5036176991150443,0.4992
6m_future12m,peak_latency_P1_corrected,S-Adenosylmethionine synthesis,0.504,0.07770002964066872,"[7636, 36091, 55599, 80534, 103498, 126995, 144415, 156724, 194639, 224632, 256934, 286549, 321778, 360157, 363842, 367322, 369373, 373224, 382459, 386461, 469644, 531178, 564346, 568070, 568665, 586844, 592283, 592759, 606767, 637987]",687149,0.504,0.504,0.504
